CONTA,PRODUÇÃO,IMPORTAÇÃO,VARIAÇÃO DE ESTOQUES,EXPORTAÇÃO,NÃO-APROVEITADA,REINJEÇÃO,CONSUMO FINAL NÃO-ENERGÉTICO,SETOR ENERGÉTICO,RESIDENCIAL,COMERCIAL,PÚBLICO,AGROPECUÁRIO,RODOVIÁRIO,FERROVIÁRIO,AÉREO,HIDROVIÁRIO,INDUSTRIAL - TOTAL,Ano
 PETRÓLEO ,156398,12724,-470,-69580,0,0,0,0,0,0,0,0,0,0,0,0,0,2022
 GÁS NATURAL ,49971,7722,0,0,-1253,-24725,975,4345,466,143,22,0,1991,0,0,0,9135,2022
 CARVÃO VAPOR ,2311,3257,55,0,0,0,0,0,0,0,0,0,0,0,0,0,3578,2022
 CARVÃO METALÚRGICO ,0,7405,56,0,0,0,0,0,0,0,0,0,0,0,0,0,0,2022
 URÂNIO U3O8 ,516,3160,535,0,0,0,0,0,0,0,0,0,0,0,0,0,0,2022
 ENERGIA HIDRÁULICA ,36732,0,0,0,0,0,0,0,0,0,0,0,0,0,0,0,0,2022
 LENHA ,27283,0,0,0,0,0,0,0,7510,82,0,3118,0,0,0,0,7730,2022
 PRODUTOS DA CANA ,47740,0,0,0,0,0,0,12084,0,0,0,0,0,0,0,0,15934,2022
 OUTRAS FONTES PRIMÁRIAS ,33597,0,0,0,0,0,0,0,800,171,0,0,0,0,0,0,9797,2022
 BIODIESEL ,0,0,-14,0,0,0,0,0,0,4,0,671,4005,99,0,0,123,2022
 ÓLEO DIESEL ,0,12198,-507,-547,0,0,0,582,0,43,4,6463,38595,954,0,359,1188,2022
 ÓLEO COMBUSTÍVEL ,0,202,-567,-14592,0,0,0,116,0,12,7,8,0,0,0,743,1544,2022
 GASOLINA ,0,3193,-568,-420,0,0,0,0,0,0,0,0,24192,0,35,0,0,2022
 GLP ,0,2144,-38,0,0,0,0,0,6407,446,262,27,0,0,0,0,1070,2022
 NAFTA ,0,6451,-52,-379,0,0,6959,0,0,0,0,0,0,0,0,0,0,2022
 QUEROSENE ,0,1064,-148,-1772,0,0,2,0,4,0,0,0,0,0,3127,0,1,2022
 GÁS DE CIDADE E DE COQUERIA ,0,0,0,0,0,0,0,172,0,0,0,0,0,0,0,0,1185,2022
 COQUE DE CARVÃO MINERAL ,0,1082,-180,0,0,0,0,0,0,0,0,0,0,0,0,0,7372,2022
 URÂNIO CONTIDO NO UO2,0,2781,-3130,0,0,0,0,0,0,0,0,0,0,0,0,0,0,2022
 ELETRICIDADE,0,1538,0,-428,0,0,0,3079,13381,8351,3833,2777,0,170,0,0,18812,2022
 CARVÃO VEGETAL ,0,0,0,0,0,0,0,0,395,77,0,9,0,0,0,0,3932,2022
 ÁLCOOL ETÍLICO ANIDRO E HIDRATADO ,0,53,176,-1235,0,0,649,0,0,0,0,10,15155,0,0,0,0,2022
 OUTRAS SECUNDÁRIAS DE PETRÓLEO ,0,2941,28,-820,0,0,0,3118,0,0,0,0,0,0,0,0,5462,2022
 PRODUTOS NÃO ENERGÉTICOS DE PETRÓLEO ,0,1533,-61,-282,0,0,7208,0,0,0,0,0,0,0,0,0,0,2022
 ALCATRÃO ,0,0,0,0,0,0,150,0,0,0,0,0,0,0,0,0,86,2022
 PETRÓLEO ,150386,7247,-308,-64722,0,0,0,0,0,0,0,0,0,0,0,0,0,2021
 GÁS NATURAL ,48462,14833,176,0,-1221,-22025,753,4718,456,116,21,0,1908,0,0,0,8701,2021
 CARVÃO VAPOR ,2640,5372,42,0,0,0,0,0,0,0,0,0,0,0,0,0,3630,2021
 CARVÃO METALÚRGICO ,0,7893,59,0,0,0,0,0,0,0,0,0,0,0,0,0,0,2021
 URÂNIO U3O8 ,343,4723,-787,0,0,0,0,0,0,0,0,0,0,0,0,0,0,2021
 ENERGIA HIDRÁULICA ,31202,0,0,0,0,0,0,0,0,0,0,0,0,0,0,0,0,2021
 LENHA ,27407,0,0,0,0,0,0,0,7441,82,0,3158,0,0,0,0,7607,2021
 PRODUTOS DA CANA ,49425,0,0,0,0,0,0,12875,0,0,0,0,0,0,0,0,15404,2021
 OUTRAS FONTES PRIMÁRIAS ,28437,0,0,0,0,0,0,0,747,157,0,0,0,0,0,0,8975,2021
 BIODIESEL ,0,0,-14,0,0,0,0,0,0,4,1,722,4283,108,0,0,122,2021
 ÓLEO DIESEL ,0,12242,-7,-501,0,0,0,510,0,34,5,6264,37160,934,0,336,1057,2021
 ÓLEO COMBUSTÍVEL ,0,595,-442,-12238,0,0,0,135,0,16,8,9,0,0,0,795,1508,2021
 GASOLINA ,0,2121,-201,-1382,0,0,0,0,0,0,0,0,22100,0,36,0,0,2021
 GLP ,0,2454,-64,0,0,0,0,0,6522,404,260,26,0,0,0,0,1087,2021
 NAFTA ,0,6052,108,-231,0,0,5550,0,0,0,0,0,0,0,0,0,0,2021
 QUEROSENE ,0,307,-54,-1089,0,0,2,0,2,0,0,0,0,0,2516,0,1,2021
 GÁS DE CIDADE E DE COQUERIA ,0,0,0,0,0,0,0,207,0,0,0,0,0,0,0,0,1246,2021
 COQUE DE CARVÃO MINERAL ,0,1153,-214,0,0,0,0,0,0,0,0,0,0,0,0,0,7843,2021
 URÂNIO CONTIDO NO UO2,0,3129,-3507,0,0,0,0,0,0,0,0,0,0,0,0,0,0,2021
 ELETRICIDADE,0,1991,0,-4,0,0,0,3342,12997,7769,3673,2947,0,172,0,0,18364,2021
 CARVÃO VEGETAL ,0,0,0,0,0,0,0,0,413,77,0,9,0,0,0,0,4065,2021
 ÁLCOOL ETÍLICO ANIDRO E HIDRATADO ,0,231,755,-967,0,0,701,0,0,0,0,9,14840,0,0,0,0,2021
 OUTRAS SECUNDÁRIAS DE PETRÓLEO ,0,2898,-25,-841,0,0,0,3076,0,0,0,0,0,0,0,0,5919,2021
 PRODUTOS NÃO ENERGÉTICOS DE PETRÓLEO ,0,1711,-8,-385,0,0,6620,0,0,0,0,0,0,0,0,0,0,2021
 ALCATRÃO ,0,0,0,0,0,0,158,0,0,0,0,0,0,0,0,0,91,2021
 PETRÓLEO ,152635,8684,765,-70885,0,0,0,0,0,0,0,0,0,0,0,0,0,2020
 GÁS NATURAL ,46299,8458,0,0,-1224,-19708,216,4986,444,90,21,0,1659,0,0,0,7202,2020
 CARVÃO VAPOR ,2085,3897,72,0,0,0,0,0,0,0,0,0,0,0,0,0,3217,2020
 CARVÃO METALÚRGICO ,0,6815,59,0,0,0,0,0,0,0,0,0,0,0,0,0,0,2020
 URÂNIO U3O8 ,206,4699,-858,0,0,0,0,0,0,0,0,0,0,0,0,0,0,2020
 ENERGIA HIDRÁULICA ,34089,0,0,0,0,0,0,0,0,0,0,0,0,0,0,0,0,2020
 LENHA ,26457,0,0,0,0,0,0,0,7208,79,0,3198,0,0,0,0,7239,2020
 PRODUTOS DA CANA ,55597,0,0,0,0,0,0,14038,0,0,0,0,0,0,0,0,18078,2020
 OUTRAS FONTES PRIMÁRIAS ,25171,0,0,0,0,0,0,0,698,145,0,0,0,0,0,0,8430,2020
 BIODIESEL ,0,0,-14,0,0,0,0,0,0,3,1,735,4007,111,0,0,116,2020
 ÓLEO DIESEL ,0,10171,40,-806,0,0,0,502,0,28,4,6230,33946,940,0,314,985,2020
 ÓLEO COMBUSTÍVEL ,0,37,-65,-13884,0,0,0,111,0,10,7,10,0,0,0,827,1420,2020
 GASOLINA ,0,3805,63,-1824,0,0,0,0,0,0,0,0,20136,0,30,0,0,2020
 GLP ,0,2235,15,0,0,0,0,0,6740,339,260,23,0,0,0,0,995,2020
 NAFTA ,0,2932,-52,-59,0,0,4609,0,0,0,0,0,0,0,0,0,0,2020
 QUEROSENE ,0,269,31,-1135,0,0,2,0,2,0,0,0,0,0,1895,0,1,2020
 GÁS DE CIDADE E DE COQUERIA ,0,0,0,0,0,0,0,175,0,0,0,0,0,0,0,0,1061,2020
 COQUE DE CARVÃO MINERAL ,0,937,90,0,0,0,0,0,0,0,0,0,0,0,0,0,6859,2020
 URÂNIO CONTIDO NO UO2,0,2594,-2914,0,0,0,0,0,0,0,0,0,0,0,0,0,0,2020
 ELETRICIDADE,0,2160,0,-34,0,0,0,3296,12801,7292,3683,2797,0,173,0,0,17060,2020
 CARVÃO VEGETAL ,0,0,0,0,0,0,0,0,405,74,0,9,0,0,0,0,3859,2020
 ÁLCOOL ETÍLICO ANIDRO E HIDRATADO ,0,511,-113,-1063,0,0,734,0,0,0,0,9,15337,0,0,0,0,2020
 OUTRAS SECUNDÁRIAS DE PETRÓLEO ,0,2057,-51,-567,0,0,0,3210,0,0,0,0,0,0,0,0,5582,2020
 PRODUTOS NÃO ENERGÉTICOS DE PETRÓLEO ,0,1236,-18,-382,0,0,6868,0,0,0,0,0,0,0,0,0,0,2020
 ALCATRÃO ,0,0,0,0,0,0,133,0,0,0,0,0,0,0,0,0,78,2020
 PETRÓLEO ,144303,8885,-1718,-63508,0,0,0,0,0,0,0,0,0,0,0,0,0,2019
 GÁS NATURAL ,44398,8628,0,0,-1546,-15571,310,5277,408,119,28,0,2010,0,0,0,8306,2019
 CARVÃO VAPOR ,2162,4901,-4,0,0,0,0,0,0,0,0,0,0,0,0,0,3439,2019
 CARVÃO METALÚRGICO ,0,7536,-30,0,0,0,0,0,0,0,0,0,0,0,0,0,0,2019
 URÂNIO U3O8 ,0,3073,2510,0,0,0,0,0,0,0,0,0,0,0,0,0,0,2019
 ENERGIA HIDRÁULICA ,34217,0,0,0,0,0,0,0,0,0,0,0,0,0,0,0,0,2019
 LENHA ,26411,0,0,0,0,0,0,0,7080,83,0,3171,0,0,0,0,7443,2019
 PRODUTOS DA CANA ,52861,0,0,0,0,0,0,15139,0,0,0,0,0,0,0,0,13175,2019
 OUTRAS FONTES PRIMÁRIAS ,23320,0,0,0,0,0,0,0,658,134,0,0,0,0,0,0,7698,2019
 BIODIESEL ,0,0,-14,0,0,0,0,0,0,3,0,661,3694,105,0,0,101,2019
 ÓLEO DIESEL ,0,11031,-176,-509,0,0,0,560,0,27,4,6134,34298,974,0,360,940,2019
 ÓLEO COMBUSTÍVEL ,0,54,-35,-8836,0,0,0,124,0,20,0,10,0,0,0,812,1333,2019
 GASOLINA ,0,3763,-275,-1551,0,0,0,0,0,0,0,0,21453,0,33,0,0,2019
 GLP ,0,2172,19,0,0,0,0,0,6499,391,261,21,0,0,0,0,963,2019
 NAFTA ,0,6611,18,0,0,0,6759,0,0,0,0,0,0,0,0,0,0,2019
 QUEROSENE ,0,853,-84,-2439,0,0,2,0,2,0,0,0,0,0,3315,0,1,2019
 GÁS DE CIDADE E DE COQUERIA ,0,0,0,0,0,0,0,190,0,0,0,0,0,0,0,0,1131,2019
 COQUE DE CARVÃO MINERAL ,0,902,-32,0,0,0,0,0,0,0,0,0,0,0,0,0,7228,2019
 URÂNIO CONTIDO NO UO2,0,3269,-4560,0,0,0,0,0,0,0,0,0,0,0,0,0,0,2019
 ELETRICIDADE,0,2163,0,-17,0,0,0,3339,12303,8139,3974,2617,0,140,0,0,16966,2019
 CARVÃO VEGETAL ,0,0,0,0,0,0,0,0,405,78,0,9,0,0,0,0,3811,2019
 ÁLCOOL ETÍLICO ANIDRO E HIDRATADO ,0,767,230,-1018,0,0,564,0,0,0,0,9,17492,0,0,0,0,2019
 OUTRAS SECUNDÁRIAS DE PETRÓLEO ,0,2135,-27,-583,0,0,0,3089,0,0,0,0,0,0,0,0,6517,2019
 PRODUTOS NÃO ENERGÉTICOS DE PETRÓLEO ,0,1142,40,-388,0,0,6471,0,0,0,0,0,0,0,0,0,0,2019
 ALCATRÃO ,0,0,0,0,0,0,147,0,0,0,0,0,0,0,0,0,83,2019
 PETRÓLEO ,134067,9627,-154,-55727,0,0,0,0,0,0,0,0,0,0,0,0,0,2018
 GÁS NATURAL ,40560,9324,0,0,-1341,-12638,578,6060,405,113,40,0,1946,0,0,0,9226,2018
 CARVÃO VAPOR ,1930,5603,-259,0,0,0,0,0,0,0,0,0,0,0,0,0,3796,2018
 CARVÃO METALÚRGICO ,0,8205,37,0,0,0,0,0,0,0,0,0,0,0,0,0,0,2018
 URÂNIO U3O8 ,0,5116,482,0,0,0,0,0,0,0,0,0,0,0,0,0,0,2018
 ENERGIA HIDRÁULICA ,33452,0,0,0,0,0,0,0,0,0,0,0,0,0,0,0,0,2018
 LENHA ,26250,0,0,0,0,0,0,0,7247,87,0,3054,0,0,0,0,7389,2018
 PRODUTOS DA CANA ,50895,0,0,0,0,0,0,14296,0,0,0,0,0,0,0,0,13233,2018
 OUTRAS FONTES PRIMÁRIAS ,22442,0,0,0,0,0,0,0,619,124,0,0,0,0,0,0,8120,2018
 BIODIESEL ,0,0,25,0,0,0,0,0,0,2,0,604,3369,105,0,0,94,2018
 ÓLEO DIESEL ,0,9879,124,-1212,0,0,0,557,0,20,2,6023,33568,1043,0,313,933,2018
 ÓLEO COMBUSTÍVEL ,0,305,215,-7758,0,0,0,169,0,16,2,13,0,0,0,976,1289,2018
 GASOLINA ,0,2493,149,-1073,0,0,0,0,0,0,0,0,21558,0,37,0,0,2018
 GLP ,0,2130,-95,-1,0,0,0,0,6531,394,259,21,0,0,0,0,984,2018
 NAFTA ,0,6102,-160,0,0,0,6217,0,0,0,0,0,0,0,0,0,0,2018
 QUEROSENE ,0,737,205,-2796,0,0,2,0,2,0,0,0,0,0,3387,0,1,2018
 GÁS DE CIDADE E DE COQUERIA ,0,0,0,0,0,0,0,209,0,0,0,0,0,0,0,0,1240,2018
 COQUE DE CARVÃO MINERAL ,0,1269,-364,0,0,0,0,0,0,0,0,0,0,0,0,0,7880,2018
 URÂNIO CONTIDO NO UO2,0,1150,-2574,0,0,0,0,0,0,0,0,0,0,0,0,0,0,2018
 ELETRICIDADE,0,3008,0,0,0,0,0,3205,11852,7793,3902,2616,0,169,0,0,17265,2018
 CARVÃO VEGETAL ,0,0,0,0,0,0,0,0,406,81,0,9,0,0,0,0,3714,2018
 ÁLCOOL ETÍLICO ANIDRO E HIDRATADO ,0,947,-868,-883,0,0,556,0,0,0,0,9,15718,0,0,0,0,2018
 OUTRAS SECUNDÁRIAS DE PETRÓLEO ,0,2198,-19,-554,0,0,276,3165,0,0,0,0,0,0,0,0,5988,2018
 PRODUTOS NÃO ENERGÉTICOS DE PETRÓLEO ,0,1243,-35,-487,0,0,6338,0,0,0,0,0,0,0,0,0,0,2018
 ALCATRÃO ,0,0,0,0,0,0,162,0,0,0,0,0,0,0,0,0,91,2018
 PETRÓLEO ,135907,7491,225,-53882,0,0,0,0,0,0,0,0,0,0,0,0,0,2017
 GÁS NATURAL ,39810,9434,0,0,-1346,-9959,689,5297,379,92,43,0,1734,0,0,0,8995,2017
 CARVÃO VAPOR ,1931,5453,65,0,0,0,0,0,0,0,0,0,0,0,0,0,3661,2017
 CARVÃO METALÚRGICO ,0,8580,-222,0,0,0,0,0,0,0,0,0,0,0,0,0,0,2017
 URÂNIO U3O8 ,0,5206,518,0,0,0,0,0,0,0,0,0,0,0,0,0,0,2017
 ENERGIA HIDRÁULICA ,31898,0,0,0,0,0,0,0,0,0,0,0,0,0,0,0,0,2017
 LENHA ,24864,0,0,0,0,0,0,0,6486,90,0,3136,0,0,0,0,7346,2017
 PRODUTOS DA CANA ,49725,0,0,0,0,0,0,11926,0,0,0,0,0,0,0,0,17200,2017
 OUTRAS FONTES PRIMÁRIAS ,20044,0,0,0,0,0,0,0,581,114,0,0,0,0,0,0,7657,2017
 BIODIESEL ,0,0,-33,0,0,0,0,0,0,1,0,484,2679,75,0,0,74,2017
 ÓLEO DIESEL ,0,10986,-59,-582,0,0,0,570,0,13,2,6150,34031,952,0,317,943,2017
 ÓLEO COMBUSTÍVEL ,0,72,-64,-6983,0,0,0,177,0,18,7,13,0,0,0,925,1981,2017
 GASOLINA ,0,3456,-52,-368,0,0,0,0,0,0,0,0,24816,0,39,0,0,2017
 GLP ,0,2012,-67,-1,0,0,0,26,6606,394,259,20,0,0,0,0,999,2017
 NAFTA ,0,8160,41,0,0,0,7129,0,0,0,0,0,0,0,0,0,0,2017
 QUEROSENE ,0,473,-63,-2234,0,0,2,0,2,0,0,0,0,0,3296,0,1,2017
 GÁS DE CIDADE E DE COQUERIA ,0,0,0,0,0,0,0,202,0,0,0,0,0,0,0,0,1202,2017
 COQUE DE CARVÃO MINERAL ,0,1061,-78,0,0,0,0,0,0,0,0,0,0,0,0,0,7745,2017
 URÂNIO CONTIDO NO UO2,0,3063,-4593,0,0,0,0,0,0,0,0,0,0,0,0,0,0,2017
 ELETRICIDADE,0,3140,0,-13,0,0,0,3086,11562,7757,3725,2471,0,177,0,0,17173,2017
 CARVÃO VEGETAL ,0,0,0,0,0,0,0,0,385,84,0,9,0,0,0,0,3405,2017
 ÁLCOOL ETÍLICO ANIDRO E HIDRATADO ,0,975,-213,-728,0,0,491,0,0,0,0,9,13848,0,0,0,0,2017
 OUTRAS SECUNDÁRIAS DE PETRÓLEO ,0,1738,4,-578,0,0,276,3698,0,0,0,0,0,0,0,0,6546,2017
 PRODUTOS NÃO ENERGÉTICOS DE PETRÓLEO ,0,1136,-11,-682,0,0,6307,0,0,0,0,0,0,0,0,0,0,2017
 ALCATRÃO ,0,0,0,0,0,0,154,0,0,0,0,0,0,0,0,0,91,2017
 PETRÓLEO ,130373,8009,-501,-43812,0,0,0,0,0,0,0,0,0,0,0,0,0,2016
 GÁS NATURAL ,37610,10320,0,0,-1459,-10903,677,5528,357,134,43,0,1593,0,0,0,8856,2016
 CARVÃO VAPOR ,2636,4992,-150,0,0,0,0,0,0,0,0,0,0,0,0,0,3258,2016
 CARVÃO METALÚRGICO ,0,7917,-222,0,0,0,0,0,0,0,0,0,0,0,0,0,0,2016
 URÂNIO U3O8 ,0,4173,648,0,0,0,0,0,0,0,0,0,0,0,0,0,0,2016
 ENERGIA HIDRÁULICA ,32758,0,0,0,0,0,0,0,0,0,0,0,0,0,0,0,0,2016
 LENHA ,23502,0,0,0,0,0,0,0,6064,90,0,2618,0,0,0,0,7227,2016
 PRODUTOS DA CANA ,50658,0,0,0,0,0,0,12237,0,0,0,0,0,0,0,0,17554,2016
 OUTRAS FONTES PRIMÁRIAS ,18324,0,0,0,0,0,0,0,539,104,0,0,0,0,0,0,7434,2016
 BIODIESEL ,0,0,-1,0,0,0,0,0,0,1,0,404,2409,62,0,0,70,2016
 ÓLEO DIESEL ,0,7182,-212,-706,0,0,0,645,0,8,2,5748,34262,885,0,328,990,2016
 ÓLEO COMBUSTÍVEL ,0,62,-2,-6699,0,0,0,203,0,17,1,11,0,0,0,867,2353,2016
 GASOLINA ,0,2934,-29,-561,0,0,0,0,0,0,0,0,24181,0,44,0,0,2016
 GLP ,0,2111,46,0,0,0,0,1,6573,396,258,18,0,0,0,0,1020,2016
 NAFTA ,0,6630,96,0,0,0,6277,0,0,0,0,0,0,0,0,0,0,2016
 QUEROSENE ,0,786,50,-2281,0,0,3,0,2,0,0,0,0,0,3303,0,1,2016
 GÁS DE CIDADE E DE COQUERIA ,0,0,0,0,0,0,0,206,0,0,0,0,0,0,0,0,1114,2016
 COQUE DE CARVÃO MINERAL ,0,764,-20,0,0,0,0,0,0,0,0,0,0,0,0,0,7110,2016
 URÂNIO CONTIDO NO UO2,0,2180,-2790,0,0,0,0,0,0,0,0,0,0,0,0,0,0,2016
 ELETRICIDADE,0,3553,0,-45,0,0,0,3033,11429,7646,3727,2429,0,173,0,0,16874,2016
 CARVÃO VEGETAL ,0,0,0,0,0,0,0,0,429,84,0,8,0,0,0,0,3221,2016
 ÁLCOOL ETÍLICO ANIDRO E HIDRATADO ,0,434,160,-935,0,0,443,0,0,0,0,9,13880,0,0,0,0,2016
 OUTRAS SECUNDÁRIAS DE PETRÓLEO ,0,1605,-7,-406,0,0,311,3567,0,0,0,0,0,0,0,0,6292,2016
 PRODUTOS NÃO ENERGÉTICOS DE PETRÓLEO ,0,1042,64,-604,0,0,6917,0,0,0,0,0,0,0,0,0,0,2016
 ALCATRÃO ,0,0,0,0,0,0,143,0,0,0,0,0,0,0,0,0,82,2016
 PETRÓLEO ,126127,15377,-1165,-38050,0,0,0,0,0,0,0,0,0,0,0,0,0,2015
 GÁS NATURAL ,34871,16198,0,0,-1377,-8722,685,5325,312,114,43,0,1553,0,0,0,9384,2015
 CARVÃO VAPOR ,2459,5638,221,0,0,0,0,0,0,0,0,0,0,0,0,0,3855,2015
 CARVÃO METALÚRGICO ,0,7625,56,0,0,0,0,0,0,0,0,0,0,0,0,0,0,2015
 URÂNIO U3O8 ,512,2159,-1701,0,0,0,0,0,0,0,0,0,0,0,0,0,0,2015
 ENERGIA HIDRÁULICA ,30938,0,0,0,0,0,0,0,0,0,0,0,0,0,0,0,0,2015
 LENHA ,25075,0,0,0,0,0,0,0,6334,94,0,2814,0,0,0,0,7424,2015
 PRODUTOS DA CANA ,50400,0,0,0,0,0,0,13155,0,0,0,0,0,0,0,0,15512,2015
 OUTRAS FONTES PRIMÁRIAS ,16743,0,0,0,0,0,0,0,493,93,0,0,0,0,0,0,7027,2015
 BIODIESEL ,0,0,8,0,0,0,0,0,0,0,0,414,2434,63,0,0,73,2015
 ÓLEO DIESEL ,0,5885,313,-651,0,0,0,824,0,4,2,5884,35427,903,0,344,1039,2015
 ÓLEO COMBUSTÍVEL ,0,339,-28,-7722,0,0,0,242,0,27,9,14,0,0,0,964,2239,2015
 GASOLINA ,0,2260,-3,-474,0,0,0,0,0,0,0,0,23257,0,49,0,0,2015
 GLP ,0,1950,-2,-17,0,0,0,29,6541,396,257,2,0,0,0,0,1033,2015
 NAFTA ,0,6172,66,0,0,0,6802,0,0,0,0,0,0,0,0,0,0,2015
 QUEROSENE ,0,1129,26,-2440,0,0,3,0,3,0,0,0,0,0,3609,0,1,2015
 GÁS DE CIDADE E DE COQUERIA ,0,0,0,0,0,0,0,188,0,0,0,0,0,0,0,0,1148,2015
 COQUE DE CARVÃO MINERAL ,0,1584,44,0,0,0,0,0,0,0,0,0,0,0,0,0,7886,2015
 URÂNIO CONTIDO NO UO2,0,2729,155,0,0,0,0,0,0,0,0,0,0,0,0,0,0,2015
 ELETRICIDADE,0,2979,0,-19,0,0,0,3200,11283,7864,3736,2304,0,177,0,0,17031,2015
 CARVÃO VEGETAL ,0,0,0,0,0,0,0,0,474,88,0,8,0,0,0,0,3625,2015
 ÁLCOOL ETÍLICO ANIDRO E HIDRATADO ,0,432,899,-1108,0,0,490,0,0,0,0,13,15424,0,0,0,0,2015
 OUTRAS SECUNDÁRIAS DE PETRÓLEO ,0,2350,-22,-385,0,0,267,3956,0,0,0,0,0,0,0,0,6996,2015
 PRODUTOS NÃO ENERGÉTICOS DE PETRÓLEO ,0,1160,34,-627,0,0,6731,0,0,0,0,0,0,0,0,0,0,2015
 ALCATRÃO ,0,0,0,0,0,0,134,0,0,0,0,0,0,0,0,0,95,2015
 PETRÓLEO ,116705,18082,25,-26800,0,0,0,0,0,0,0,0,0,0,0,0,0,2014
 GÁS NATURAL ,31661,17001,0,0,-1601,-5689,684,5613,310,179,40,0,1594,0,0,0,9561,2014
 CARVÃO VAPOR ,3059,5306,-89,0,0,0,0,0,0,0,0,0,0,0,0,0,3942,2014
 CARVÃO METALÚRGICO ,0,8110,-52,0,0,0,0,0,0,0,0,0,0,0,0,0,0,2014
 URÂNIO U3O8 ,681,2883,-1818,0,0,0,0,0,0,0,0,0,0,0,0,0,0,2014
 ENERGIA HIDRÁULICA ,32116,0,0,0,0,0,0,0,0,0,0,0,0,0,0,0,0,2014
 LENHA ,25223,0,0,0,0,0,0,0,6109,97,0,2682,0,0,0,0,7782,2014
 PRODUTOS DA CANA ,49273,0,0,0,0,0,0,12466,0,0,0,0,0,0,0,0,16146,2014
 OUTRAS FONTES PRIMÁRIAS ,14814,0,0,0,0,0,0,0,444,82,0,0,0,0,0,0,6630,2014
 BIODIESEL ,0,0,-23,0,0,0,0,0,0,0,0,327,2080,53,0,0,64,2014
 ÓLEO DIESEL ,0,9561,-180,-794,0,0,0,801,0,6,4,5833,37433,949,0,352,1140,2014
 ÓLEO COMBUSTÍVEL ,0,382,-54,-8110,0,0,0,311,0,21,11,24,0,0,0,996,2614,2014
 GASOLINA ,0,1626,501,-281,0,0,0,0,0,0,0,0,25682,0,58,0,0,2014
 GLP ,0,2277,-10,-11,0,0,0,5,6535,442,257,2,0,0,0,0,1121,2014
 NAFTA ,0,5238,-66,0,0,0,6195,0,0,0,0,0,0,0,0,0,0,2014
 QUEROSENE ,0,1236,-57,-2506,0,0,6,0,3,0,0,0,0,0,3651,0,2,2014
 GÁS DE CIDADE E DE COQUERIA ,0,0,0,0,0,0,0,187,0,0,0,0,0,0,0,0,1200,2014
 COQUE DE CARVÃO MINERAL ,0,1254,-68,0,0,0,0,0,0,0,0,0,0,0,0,0,7733,2014
 URÂNIO CONTIDO NO UO2,0,1022,1266,0,0,0,0,0,0,0,0,0,0,0,0,0,0,2014
 ELETRICIDADE,0,2905,0,0,0,0,0,3171,11378,7795,3685,2286,0,170,0,0,17806,2014
 CARVÃO VEGETAL ,0,0,0,0,0,0,0,0,478,91,0,8,0,0,0,0,3716,2014
 ÁLCOOL ETÍLICO ANIDRO E HIDRATADO ,0,511,-848,-767,0,0,583,0,0,0,0,11,13008,0,0,0,0,2014
 OUTRAS SECUNDÁRIAS DE PETRÓLEO ,0,2997,-1,-385,0,0,301,3985,0,0,0,0,0,0,0,0,7439,2014
 PRODUTOS NÃO ENERGÉTICOS DE PETRÓLEO ,0,1133,5,-530,0,0,8095,0,0,0,0,0,0,0,0,0,0,2014
 ALCATRÃO ,0,0,0,0,0,0,146,0,0,0,0,0,0,0,0,0,92,2014
 PETRÓLEO ,104762,20373,-5,-20511,0,0,0,0,0,0,0,0,0,0,0,0,0,2013
 GÁS NATURAL ,27969,14926,0,0,-1294,-3810,836,4722,321,181,45,0,1647,0,0,0,9654,2013
 CARVÃO VAPOR ,3298,4206,-143,0,0,0,0,0,0,0,0,0,0,0,0,0,3630,2013
 CARVÃO METALÚRGICO ,0,7838,-52,0,0,0,0,0,0,0,0,0,0,0,0,0,0,2013
 URÂNIO U3O8 ,2375,601,2050,0,0,0,0,0,0,0,0,0,0,0,0,0,0,2013
 ENERGIA HIDRÁULICA ,33625,0,0,0,0,0,0,0,0,0,0,0,0,0,0,0,0,2013
 LENHA ,24788,0,0,0,0,0,0,0,5741,96,0,2639,0,0,0,0,7703,2013
 PRODUTOS DA CANA ,49306,0,0,0,0,0,0,12241,0,0,0,0,0,0,0,0,17238,2013
 OUTRAS FONTES PRIMÁRIAS ,12773,0,0,0,0,0,0,0,395,70,0,0,0,0,0,0,6359,2013
 BIODIESEL ,0,0,-26,0,0,0,0,0,0,0,0,275,1795,48,0,0,54,2013
 ÓLEO DIESEL ,0,8501,-130,-873,0,0,0,737,0,5,5,5594,37156,968,0,341,1096,2013
 ÓLEO COMBUSTÍVEL ,0,92,35,-8483,0,0,0,370,0,14,11,29,0,0,0,957,2677,2013
 GASOLINA ,0,1744,1032,-267,0,0,0,0,0,0,0,0,24393,0,58,0,0,2013
 GLP ,0,2060,4,-55,0,0,0,78,6521,420,257,12,0,0,0,0,1027,2013
 NAFTA ,0,5261,125,0,0,0,6565,0,0,0,0,0,0,0,0,0,0,2013
 QUEROSENE ,0,1467,34,-2383,0,0,8,0,4,0,0,0,0,0,3608,0,2,2013
 GÁS DE CIDADE E DE COQUERIA ,0,0,0,0,0,0,0,187,0,0,0,0,0,0,0,0,1200,2013
 COQUE DE CARVÃO MINERAL ,0,1308,24,0,0,0,0,0,0,0,0,0,0,0,0,0,7807,2013
 URÂNIO CONTIDO NO UO2,0,3334,-4253,0,0,0,0,0,0,0,0,0,0,0,0,0,0,2013
 ELETRICIDADE,0,3469,0,0,0,0,0,3147,10741,7258,3555,2046,0,162,0,0,18074,2013
 CARVÃO VEGETAL ,0,0,0,0,0,0,0,0,402,90,0,8,0,0,0,0,3770,2013
 ÁLCOOL ETÍLICO ANIDRO E HIDRATADO ,0,68,-228,-1543,0,0,666,0,0,0,0,11,11889,0,0,0,0,2013
 OUTRAS SECUNDÁRIAS DE PETRÓLEO ,0,2984,5,-352,0,0,339,3596,0,0,0,0,0,0,0,0,7610,2013
 PRODUTOS NÃO ENERGÉTICOS DE PETRÓLEO ,0,1063,64,-350,0,0,7794,0,0,0,0,0,0,0,0,0,0,2013
 ALCATRÃO ,0,0,0,0,0,0,121,0,0,0,0,0,0,0,0,0,89,2013
 PETRÓLEO ,107258,17855,543,-27608,0,0,0,0,0,0,0,0,0,0,0,0,0,2012
 GÁS NATURAL ,25574,11602,0,0,-1430,-3147,898,4472,296,193,45,0,1709,0,0,0,9714,2012
 CARVÃO VAPOR ,2517,3313,108,0,0,0,0,0,0,0,0,0,0,0,0,0,3589,2012
 CARVÃO METALÚRGICO ,0,7841,185,0,0,0,0,0,0,0,0,0,0,0,0,0,0,2012
 URÂNIO U3O8 ,3881,3854,-1047,0,0,0,0,0,0,0,0,0,0,0,0,0,0,2012
 ENERGIA HIDRÁULICA ,35719,0,0,0,0,0,0,0,0,0,0,0,0,0,0,0,0,2012
 LENHA ,25683,0,0,0,0,0,0,0,6472,96,0,2421,0,0,0,0,7480,2012
 PRODUTOS DA CANA ,45117,0,0,0,0,0,0,10508,0,0,0,0,0,0,0,0,17868,2012
 OUTRAS FONTES PRIMÁRIAS ,11706,0,0,0,0,0,0,0,352,60,0,0,0,0,0,0,5944,2012
 BIODIESEL ,0,0,29,0,0,0,0,0,0,0,0,275,1696,48,0,0,49,2012
 ÓLEO DIESEL ,0,8241,320,-671,0,0,0,688,0,9,7,5595,34837,976,0,359,1005,2012
 ÓLEO COMBUSTÍVEL ,0,217,73,-8711,0,0,0,374,0,19,8,21,0,0,0,938,2633,2012
 GASOLINA ,0,2915,1010,-116,0,0,0,0,0,0,0,0,24454,0,58,0,0,2012
 GLP ,0,1744,-60,-19,0,0,0,0,6393,438,256,11,0,0,0,0,924,2012
 NAFTA ,0,5380,57,0,0,0,7424,0,0,0,0,0,0,0,0,0,0,2012
 QUEROSENE ,0,1538,22,-2256,0,0,15,0,5,0,0,0,0,0,3762,0,3,2012
 GÁS DE CIDADE E DE COQUERIA ,0,0,0,0,0,0,0,193,0,0,0,0,0,0,0,0,1237,2012
 COQUE DE CARVÃO MINERAL ,0,1098,226,0,0,0,0,0,0,0,0,0,0,0,0,0,7999,2012
 URÂNIO CONTIDO NO UO2,0,6522,-8923,0,0,0,0,0,0,0,0,0,0,0,0,0,0,2012
 ELETRICIDADE,0,3502,0,-40,0,0,0,2734,10118,6863,3424,2001,0,162,0,0,18027,2012
 CARVÃO VEGETAL ,0,0,0,0,0,0,0,0,478,90,0,7,0,0,0,0,4022,2012
 ÁLCOOL ETÍLICO ANIDRO E HIDRATADO ,0,291,-250,-1602,0,0,606,0,0,0,0,10,9906,0,0,0,0,2012
 OUTRAS SECUNDÁRIAS DE PETRÓLEO ,0,2933,-24,-278,0,0,405,3104,0,0,0,0,0,0,0,0,7644,2012
 PRODUTOS NÃO ENERGÉTICOS DE PETRÓLEO ,0,1027,-31,-241,0,0,7400,0,0,0,0,0,0,0,0,0,0,2012
 ALCATRÃO ,0,0,0,0,0,0,116,0,0,0,0,0,0,0,0,0,99,2012
 PETRÓLEO ,108976,17140,-758,-31221,0,0,0,0,0,0,0,0,0,0,0,0,0,2011
 GÁS NATURAL ,23888,9223,0,0,-1666,-3725,897,4671,280,188,44,0,1735,0,0,0,9888,2011
 CARVÃO VAPOR ,2134,3547,-148,-40,0,0,0,0,0,0,0,0,0,0,0,0,3715,2011
 CARVÃO METALÚRGICO ,0,8659,-237,0,0,0,0,0,0,0,0,0,0,0,0,0,0,2011
 URÂNIO U3O8 ,4209,966,1888,0,0,0,0,0,0,0,0,0,0,0,0,0,0,2011
 ENERGIA HIDRÁULICA ,36837,0,0,0,0,0,0,0,0,0,0,0,0,0,0,0,0,2011
 LENHA ,25997,0,0,0,0,0,0,0,6505,95,0,2446,0,0,0,0,7358,2011
 PRODUTOS DA CANA ,43270,0,0,0,0,0,0,10411,0,0,0,0,0,0,0,0,16901,2011
 OUTRAS FONTES PRIMÁRIAS ,11497,0,0,0,0,0,0,0,315,51,0,0,0,0,0,0,6105,2011
 BIODIESEL ,0,0,-100,0,0,0,0,0,0,0,0,264,1573,47,0,0,47,2011
 ÓLEO DIESEL ,0,7914,-232,-941,0,0,0,945,0,8,4,5379,32904,952,0,339,951,2011
 ÓLEO COMBUSTÍVEL ,0,679,-26,-8901,0,0,0,519,0,19,6,17,0,0,0,983,2885,2011
 GASOLINA ,0,1689,112,-249,0,0,0,0,0,0,0,0,20838,0,54,0,0,2011
 GLP ,0,2071,-7,-26,0,0,0,14,6364,352,421,12,0,0,0,0,837,2011
 NAFTA ,0,5454,24,0,0,0,7386,0,0,0,0,0,0,0,0,0,0,2011
 QUEROSENE ,0,1482,-76,-2168,0,0,17,0,5,0,0,0,0,0,3569,0,3,2011
 GÁS DE CIDADE E DE COQUERIA ,0,0,0,0,0,0,0,202,0,0,0,0,0,0,0,0,1288,2011
 COQUE DE CARVÃO MINERAL ,0,1478,57,0,0,0,0,0,0,0,0,0,0,0,0,0,8209,2011
 URÂNIO CONTIDO NO UO2,0,2321,-5196,0,0,0,0,0,0,0,0,0,0,0,0,0,0,2011
 ELETRICIDADE,0,3305,0,-219,0,0,0,2083,9629,6369,3283,1846,0,146,0,0,18008,2011
 CARVÃO VEGETAL ,0,0,0,0,0,0,0,0,483,92,0,7,0,0,0,0,4220,2011
 ÁLCOOL ETÍLICO ANIDRO E HIDRATADO ,0,601,-77,-1017,0,0,545,0,0,0,0,9,10735,0,0,0,0,2011
 OUTRAS SECUNDÁRIAS DE PETRÓLEO ,0,3469,-21,-237,0,0,342,3325,0,0,0,0,0,0,0,0,7707,2011
 PRODUTOS NÃO ENERGÉTICOS DE PETRÓLEO ,0,1062,-7,-428,0,0,7530,0,0,0,0,0,0,0,0,0,0,2011
 ALCATRÃO ,0,0,0,0,0,0,121,0,0,0,0,0,0,0,0,0,103,2011
 PETRÓLEO ,106559,17516,1185,-32651,0,0,0,0,0,0,0,0,0,0,0,0,0,2010
 GÁS NATURAL ,22771,11130,0,0,-2365,-4000,1453,4192,255,202,60,2,1767,0,0,0,8957,2010
 CARVÃO VAPOR ,2104,2895,141,0,0,0,0,5,0,0,0,0,0,0,0,0,3233,2010
 CARVÃO METALÚRGICO ,0,7972,164,0,0,0,0,0,0,0,0,0,0,0,0,0,0,2010
 URÂNIO U3O8 ,1767,1419,1636,0,0,0,0,0,0,0,0,0,0,0,0,0,0,2010
 ENERGIA HIDRÁULICA ,34683,0,0,0,0,0,0,0,0,0,0,0,0,0,0,0,0,2010
 LENHA ,25997,0,0,0,0,0,0,0,7276,89,0,2523,0,0,0,0,7164,2010
 PRODUTOS DA CANA ,48852,0,0,0,0,0,0,12777,0,0,0,0,0,0,0,0,17289,2010
 OUTRAS FONTES PRIMÁRIAS ,10707,0,0,0,0,0,0,0,282,44,0,0,0,0,0,0,6049,2010
 BIODIESEL ,0,0,0,0,0,0,0,0,0,2,1,267,1450,46,0,0,34,2010
 ÓLEO DIESEL ,0,7638,8,-1310,0,0,0,908,0,34,11,5486,31086,943,0,415,689,2010
 ÓLEO COMBUSTÍVEL ,0,154,-11,-7966,0,0,0,631,0,25,3,79,0,0,0,966,3236,2010
 GASOLINA ,0,394,-65,-595,0,0,0,0,0,0,0,0,17525,0,53,0,0,2010
 GLP ,0,1908,35,-5,0,0,0,15,6298,298,381,8,0,0,0,0,702,2010
 NAFTA ,0,5136,-87,0,0,0,7601,0,0,0,0,0,0,0,0,0,0,2010
 QUEROSENE ,0,1581,-11,-1977,0,0,7,0,4,0,0,0,0,0,3188,0,3,2010
 GÁS DE CIDADE E DE COQUERIA ,0,0,0,0,0,0,0,184,0,0,0,0,0,0,0,0,1250,2010
 COQUE DE CARVÃO MINERAL ,0,1243,-57,0,0,0,0,0,0,0,0,0,0,0,0,0,7516,2010
 URÂNIO CONTIDO NO UO2,0,3527,-4491,0,0,0,0,0,0,0,0,0,0,0,0,0,0,2010
 ELETRICIDADE,0,3088,0,-108,0,0,0,2308,9220,5996,3180,1629,0,143,0,0,17488,2010
 CARVÃO VEGETAL ,0,1,0,0,0,0,0,0,509,86,0,8,0,0,0,0,4045,2010
 ÁLCOOL ETÍLICO ANIDRO E HIDRATADO ,0,39,-806,-984,0,0,587,0,0,0,0,8,12033,0,0,0,0,2010
 OUTRAS SECUNDÁRIAS DE PETRÓLEO ,0,3384,-8,-157,0,0,98,3561,0,0,0,0,0,0,0,0,7505,2010
 PRODUTOS NÃO ENERGÉTICOS DE PETRÓLEO ,0,1723,-175,-489,0,0,7797,0,0,0,0,0,0,0,0,0,0,2010
 ALCATRÃO ,0,0,0,0,0,0,143,0,0,0,0,0,0,0,0,0,95,2010
 PETRÓLEO ,100918,19346,-1111,-27117,0,0,0,0,0,0,0,0,0,0,0,0,0,2009
 GÁS NATURAL ,20983,7362,0,0,-3013,-4002,717,4994,238,190,59,2,1853,0,0,0,7254,2009
 CARVÃO VAPOR ,1913,1999,20,0,0,0,0,0,0,0,0,0,0,0,0,0,2403,2009
 CARVÃO METALÚRGICO ,167,6627,74,0,0,0,0,0,0,0,0,0,0,0,0,0,0,2009
 URÂNIO U3O8 ,4117,30,-277,0,0,0,0,0,0,0,0,0,0,0,0,0,0,2009
 ENERGIA HIDRÁULICA ,33625,0,0,0,0,0,0,0,0,0,0,0,0,0,0,0,0,2009
 LENHA ,24609,0,0,0,0,0,0,0,7529,80,0,2411,0,0,0,0,6563,2009
 PRODUTOS DA CANA ,44775,0,0,0,0,0,0,12258,0,0,0,0,0,0,0,0,16187,2009
 OUTRAS FONTES PRIMÁRIAS ,9605,0,0,0,0,0,0,0,250,39,0,0,0,0,0,0,5573,2009
 BIODIESEL ,0,0,0,0,0,0,0,0,0,2,3,176,987,32,0,0,23,2009
 ÓLEO DIESEL ,0,2981,-28,-1704,0,0,0,162,0,55,94,5326,28307,954,0,373,683,2009
 ÓLEO COMBUSTÍVEL ,0,10,-65,-7166,0,0,0,985,0,122,87,68,0,0,0,986,3727,2009
 GASOLINA ,0,10,-62,-1940,0,0,0,0,0,0,0,0,14674,0,47,0,0,2009
 GLP ,0,1562,-10,-12,0,0,0,18,6115,135,373,23,0,0,0,0,782,2009
 NAFTA ,0,3958,153,-39,0,0,7360,0,0,0,0,0,0,0,0,0,0,2009
 QUEROSENE ,0,1044,-42,-1673,0,0,7,0,8,0,0,0,0,0,2828,0,3,2009
 GÁS DE CIDADE E DE COQUERIA ,0,0,0,0,0,0,0,188,0,0,0,0,0,0,0,0,1011,2009
 COQUE DE CARVÃO MINERAL ,0,300,10,0,0,0,0,0,0,0,0,0,0,0,0,0,5309,2009
 URÂNIO CONTIDO NO UO2,0,3707,-4144,0,0,0,0,0,0,0,0,0,0,0,0,0,0,2009
 ELETRICIDADE,0,3504,0,-93,0,0,0,1561,8655,5674,3031,1521,0,137,0,0,16060,2009
 CARVÃO VEGETAL ,0,1,0,0,0,0,0,0,584,78,0,7,0,0,0,0,3301,2009
 ÁLCOOL ETÍLICO ANIDRO E HIDRATADO ,0,2,915,-1715,0,0,751,0,0,0,0,7,11792,0,0,0,0,2009
 OUTRAS SECUNDÁRIAS DE PETRÓLEO ,0,2869,4,-216,0,0,98,3749,0,0,0,0,0,0,0,0,6891,2009
 PRODUTOS NÃO ENERGÉTICOS DE PETRÓLEO ,0,968,111,-476,0,0,5844,0,0,0,0,0,0,0,0,0,0,2009
 ALCATRÃO ,0,0,0,0,0,0,143,0,0,0,0,0,0,0,0,0,44,2009
 PETRÓLEO ,94000,19689,-27,-22372,0,0,0,0,0,0,0,0,0,0,0,0,0,2008
 GÁS NATURAL ,21398,9986,0,0,-1925,-3526,710,4926,229,171,58,2,2158,0,0,0,8453,2008
 CARVÃO VAPOR ,2552,2635,-246,0,0,0,0,0,0,0,0,0,0,0,0,0,3082,2008
 CARVÃO METALÚRGICO ,101,7909,-262,0,0,0,0,0,0,0,0,0,0,0,0,0,0,2008
 URÂNIO U3O8 ,3950,371,252,0,0,0,0,0,0,0,0,0,0,0,0,0,0,2008
 ENERGIA HIDRÁULICA ,31782,0,0,0,0,0,0,0,0,0,0,0,0,0,0,0,0,2008
 LENHA ,29227,0,0,0,0,0,0,0,7706,78,0,2538,0,0,0,0,6538,2008
 PRODUTOS DA CANA ,45019,0,0,0,0,0,0,13305,0,0,0,0,0,0,0,0,15390,2008
 OUTRAS FONTES PRIMÁRIAS ,8686,0,0,0,0,0,0,0,224,34,0,0,0,0,0,0,5284,2008
 BIODIESEL ,0,0,0,0,0,0,0,0,0,1,2,137,696,24,0,0,18,2008
 ÓLEO DIESEL ,0,4943,-69,-1320,0,0,0,152,0,57,94,5538,28915,985,0,414,730,2008
 ÓLEO COMBUSTÍVEL ,0,190,46,-8418,0,0,0,980,0,122,87,68,0,0,0,1038,3981,2008
 GASOLINA ,0,0,-50,-2001,0,0,0,0,0,0,0,0,14538,0,47,0,0,2008
 GLP ,0,1337,-3,-5,0,0,0,19,6043,309,409,22,0,0,0,0,784,2008
 NAFTA ,0,3591,-18,-79,0,0,6879,0,0,0,0,0,0,0,0,0,0,2008
 QUEROSENE ,0,1230,23,-1616,0,0,8,0,9,0,0,0,0,0,2811,0,3,2008
 GÁS DE CIDADE E DE COQUERIA ,0,0,0,0,0,0,0,133,0,0,0,0,0,0,0,0,1065,2008
 COQUE DE CARVÃO MINERAL ,0,1311,-224,0,0,0,0,0,0,0,0,0,0,0,0,0,6704,2008
 URÂNIO CONTIDO NO UO2,0,3548,-4412,0,0,0,0,0,0,0,0,0,0,0,0,0,0,2008
 ELETRICIDADE,0,3689,0,-59,0,0,0,1582,8220,5375,2972,1582,0,138,0,0,16961,2008
 CARVÃO VEGETAL ,0,0,0,0,0,0,0,0,531,78,0,7,0,0,0,0,5593,2008
 ÁLCOOL ETÍLICO ANIDRO E HIDRATADO ,0,0,558,-2705,0,0,791,0,0,0,0,6,11013,0,0,0,0,2008
 OUTRAS SECUNDÁRIAS DE PETRÓLEO ,0,3087,-184,-279,0,0,92,3582,0,0,0,0,0,0,0,0,6561,2008
 PRODUTOS NÃO ENERGÉTICOS DE PETRÓLEO ,0,1295,-55,-526,0,0,6048,0,0,0,0,0,0,0,0,0,0,2008
 ALCATRÃO ,0,8,-9,-7,0,0,149,0,0,0,0,0,0,0,0,0,39,2008
 PETRÓLEO ,90765,21515,-343,-21813,0,0,0,0,0,0,0,0,0,0,0,0,0,2007
 GÁS NATURAL ,18025,9094,0,0,-1774,-3146,771,3822,221,275,56,12,2252,0,0,0,8092,2007
 CARVÃO VAPOR ,2257,2620,26,0,0,0,0,0,0,0,0,0,0,0,0,0,2962,2007
 CARVÃO METALÚRGICO ,92,7598,-16,0,0,0,0,0,0,0,0,0,0,0,0,0,0,2007
 URÂNIO U3O8 ,3622,2505,-124,0,0,0,0,0,0,0,0,0,0,0,0,0,0,2007
 ENERGIA HIDRÁULICA ,32165,0,0,0,0,0,0,0,0,0,0,0,0,0,0,0,0,2007
 LENHA ,28618,0,0,0,0,0,0,0,7812,77,0,2356,0,0,0,0,6065,2007
 PRODUTOS DA CANA ,40458,0,0,0,0,0,0,10594,0,0,0,0,0,0,0,0,16152,2007
 OUTRAS FONTES PRIMÁRIAS ,7879,0,0,0,0,0,0,0,197,29,0,0,0,0,0,0,4972,2007
 BIODIESEL ,0,0,0,0,0,0,0,0,0,0,1,45,247,9,0,0,6,2007
 ÓLEO DIESEL ,0,4324,-29,-1530,0,0,0,132,0,55,93,5050,27477,970,0,408,718,2007
 ÓLEO COMBUSTÍVEL ,0,112,-105,-8088,0,0,0,1058,0,116,85,61,0,0,0,930,4247,2007
 GASOLINA ,0,8,68,-2854,0,0,0,0,0,0,0,0,14287,0,56,0,0,2007
 GLP ,0,1096,-39,-14,0,0,0,53,5896,302,422,19,0,0,0,0,740,2007
 NAFTA ,0,3693,115,-20,0,0,7793,0,0,0,0,0,0,0,0,0,0,2007
 QUEROSENE ,0,733,-6,-1403,0,0,11,0,9,0,0,0,0,0,2618,0,4,2007
 GÁS DE CIDADE E DE COQUERIA ,0,0,0,0,0,0,0,348,0,0,0,0,0,0,0,0,1039,2007
 COQUE DE CARVÃO MINERAL ,0,1088,-83,0,0,0,0,0,0,0,0,0,0,0,0,0,6716,2007
 URÂNIO CONTIDO NO UO2,0,992,-3685,0,0,0,0,0,0,0,0,0,0,0,0,0,0,2007
 ELETRICIDADE,0,3514,0,-175,0,0,0,1485,7816,5034,2900,1508,0,135,0,0,16565,2007
 CARVÃO VEGETAL ,0,9,0,0,0,0,0,0,517,73,0,7,0,0,0,0,5649,2007
 ÁLCOOL ETÍLICO ANIDRO E HIDRATADO ,0,2,-745,-1864,0,0,355,0,0,0,0,5,8612,0,0,0,0,2007
 OUTRAS SECUNDÁRIAS DE PETRÓLEO ,0,2734,22,-182,0,0,141,3557,0,0,0,0,0,0,0,0,6743,2007
 PRODUTOS NÃO ENERGÉTICOS DE PETRÓLEO ,0,1108,71,-700,0,0,4948,0,0,0,0,0,0,0,0,0,0,2007
 ALCATRÃO ,0,0,-3,-4,0,0,147,0,0,0,0,0,0,0,0,0,56,2007
 PETRÓLEO ,89214,17285,708,-19008,0,0,0,0,0,0,0,0,0,0,0,0,0,2006
 GÁS NATURAL ,17582,8614,0,0,-1651,-2829,760,3500,207,266,55,4,2030,0,0,0,7563,2006
 CARVÃO VAPOR ,2200,2438,245,0,0,0,0,0,0,0,0,0,0,0,0,0,2769,2006
 CARVÃO METALÚRGICO ,87,6749,89,0,0,0,0,0,0,0,0,0,0,0,0,0,0,2006
 URÂNIO U3O8 ,2338,1985,1151,0,0,0,0,0,0,0,0,0,0,0,0,0,0,2006
 ENERGIA HIDRÁULICA ,29997,0,0,0,0,0,0,0,0,0,0,0,0,0,0,0,0,2006
 LENHA ,28482,0,0,0,0,0,0,13,8276,74,0,2244,0,0,0,0,5807,2006
 PRODUTOS DA CANA ,35133,0,0,0,0,0,0,8949,0,0,0,0,0,0,0,0,15259,2006
 OUTRAS FONTES PRIMÁRIAS ,6951,0,0,0,0,0,0,0,172,24,0,0,0,0,0,0,4639,2006
 BIODIESEL ,0,0,0,0,0,0,0,0,0,0,0,7,42,1,0,0,1,2006
 ÓLEO DIESEL ,0,3006,-259,-1134,0,0,0,93,0,54,91,4791,26157,913,0,355,666,2006
 ÓLEO COMBUSTÍVEL ,0,241,-35,-8970,0,0,0,1123,0,110,55,66,0,0,0,733,4039,2006
 GASOLINA ,0,22,79,-2080,0,0,0,0,0,0,0,0,14440,0,54,0,0,2006
 GLP ,0,969,8,-21,0,0,0,57,5710,308,410,19,0,0,0,0,695,2006
 NAFTA ,0,3495,-23,-24,0,0,7299,0,0,0,0,0,0,0,0,0,0,2006
 QUEROSENE ,0,576,-15,-1289,0,0,15,0,15,0,0,0,0,0,2381,0,5,2006
 GÁS DE CIDADE E DE COQUERIA ,0,0,0,0,0,0,0,309,0,0,0,0,0,0,0,0,980,2006
 COQUE DE CARVÃO MINERAL ,0,1036,-28,0,0,0,0,0,0,0,0,0,0,0,0,0,6137,2006
 URÂNIO CONTIDO NO UO2,0,3958,-5765,0,0,0,0,0,0,0,0,0,0,0,0,0,0,2006
 ELETRICIDADE,0,3564,0,-24,0,0,0,1253,7380,4749,2842,1412,0,126,0,0,15774,2006
 CARVÃO VEGETAL ,0,102,0,-8,0,0,0,0,502,69,0,6,0,0,0,0,5508,2006
 ÁLCOOL ETÍLICO ANIDRO E HIDRATADO ,0,0,-313,-1817,0,0,587,0,0,0,0,4,6395,0,0,0,0,2006
 OUTRAS SECUNDÁRIAS DE PETRÓLEO ,0,2250,-13,-151,0,0,134,3525,0,0,0,0,0,0,0,0,5824,2006
 PRODUTOS NÃO ENERGÉTICOS DE PETRÓLEO ,0,1379,-43,-623,0,0,5381,0,0,0,0,0,0,0,0,0,0,2006
 ALCATRÃO ,0,0,-3,-4,0,0,150,0,0,0,0,0,0,0,0,0,48,2006
 PETRÓLEO ,84300,17674,-171,-14137,0,0,0,0,0,0,0,0,0,0,0,0,0,2005
 GÁS NATURAL ,17575,7918,0,0,-2216,-2751,747,3252,191,233,49,4,1711,0,0,0,7224,2005
 CARVÃO VAPOR ,2348,2448,-59,0,0,0,0,0,0,0,0,0,0,0,0,0,2828,2005
 CARVÃO METALÚRGICO ,135,6959,102,0,0,0,0,0,0,0,0,0,0,0,0,0,0,2005
 URÂNIO U3O8 ,1309,5156,-1852,0,0,0,0,0,0,0,0,0,0,0,0,0,0,2005
 ENERGIA HIDRÁULICA ,29021,0,0,0,0,0,0,0,0,0,0,0,0,0,0,0,0,2005
 LENHA ,28420,0,0,0,0,0,0,0,8235,73,0,2178,0,0,0,0,5633,2005
 PRODUTOS DA CANA ,31094,0,0,0,0,0,0,8064,0,0,0,0,0,0,0,0,13083,2005
 OUTRAS FONTES PRIMÁRIAS ,6492,0,0,0,0,0,0,0,149,20,0,0,0,0,0,0,4252,2005
 BIODIESEL ,0,0,0,0,0,0,0,0,0,0,0,0,0,0,0,0,0,2005
 ÓLEO DIESEL ,0,2520,134,-891,0,0,0,158,0,53,85,4734,25803,824,0,318,666,2005
 ÓLEO COMBUSTÍVEL ,0,51,118,-8285,0,0,0,1126,0,115,61,64,0,0,0,806,4412,2005
 GASOLINA ,0,55,-112,-2079,0,0,0,0,0,0,0,0,13595,0,42,0,0,2005
 GLP ,0,579,7,-93,0,0,0,27,5713,309,441,23,0,0,0,0,608,2005
 NAFTA ,0,3653,4,-53,0,0,7277,0,0,0,0,0,0,0,0,0,0,2005
 QUEROSENE ,0,267,24,-1117,0,0,24,0,17,0,0,0,0,0,2553,0,8,2005
 GÁS DE CIDADE E DE COQUERIA ,0,0,0,0,0,0,0,312,0,0,0,0,0,0,0,0,1016,2005
 COQUE DE CARVÃO MINERAL ,0,1202,-133,-1,0,0,0,0,0,0,0,0,0,0,0,0,6420,2005
 URÂNIO CONTIDO NO UO2,0,2332,-4395,0,0,0,0,0,0,0,0,0,0,0,0,0,0,2005
 ELETRICIDADE,0,3371,0,-14,0,0,0,1164,7155,4600,2815,1349,0,102,0,0,15082,2005
 CARVÃO VEGETAL ,0,58,0,-10,0,0,0,0,517,67,0,6,0,0,0,0,5657,2005
 ÁLCOOL ETÍLICO ANIDRO E HIDRATADO ,0,0,341,-1286,0,0,358,0,0,0,0,3,6963,0,0,0,0,2005
 OUTRAS SECUNDÁRIAS DE PETRÓLEO ,0,1994,-6,-223,0,0,156,3550,0,0,0,0,0,0,0,0,5568,2005
 PRODUTOS NÃO ENERGÉTICOS DE PETRÓLEO ,0,1250,-19,-889,0,0,4500,0,0,0,0,0,0,0,0,0,0,2005
 ALCATRÃO ,0,0,-10,0,0,0,160,0,0,0,0,0,0,0,0,0,37,2005
 PETRÓLEO ,76641,23258,-92,-11908,0,0,0,0,0,0,0,0,0,0,0,0,0,2004
 GÁS NATURAL ,16852,7116,0,0,-1657,-3250,737,2948,181,216,48,2,1390,0,0,0,6663,2004
 CARVÃO VAPOR ,2016,2530,70,0,0,0,0,0,0,0,0,0,0,0,0,0,2839,2004
 CARVÃO METALÚRGICO ,137,7136,127,0,0,0,0,0,0,0,0,0,0,0,0,0,0,2004
 URÂNIO U3O8 ,3569,507,1828,0,0,0,0,0,0,0,0,0,0,0,0,0,0,2004
 ENERGIA HIDRÁULICA ,27589,0,0,0,0,0,0,0,0,0,0,0,0,0,0,0,0,2004
 LENHA ,28187,0,0,0,0,0,0,0,8074,71,0,2130,0,0,0,0,5478,2004
 PRODUTOS DA CANA ,29385,0,0,0,0,0,0,7461,0,0,0,0,0,0,0,0,12812,2004
 OUTRAS FONTES PRIMÁRIAS ,6007,0,0,0,0,0,0,0,128,16,0,0,0,0,0,0,4020,2004
 ÓLEO DIESEL ,0,2285,-250,-818,0,0,0,148,0,103,125,4767,25939,779,0,315,706,2004
 ÓLEO COMBUSTIVEL ,0,125,250,-9650,0,0,0,1040,0,142,53,71,0,0,0,782,4426,2004
 GASOLINA ,0,44,-2,-1561,0,0,0,0,0,0,0,0,13560,0,47,0,0,2004
 GLP ,0,1149,90,-39,0,0,0,46,5828,284,460,20,0,0,0,0,544,2004
 NAFTA ,0,3443,-220,-13,0,0,7169,0,0,0,0,0,0,0,0,0,0,2004
 QUEROSENE ,0,89,3,-1128,0,0,71,0,13,0,0,0,0,0,2345,0,11,2004
 GÁS DE COQUERIA ,0,0,0,0,0,0,0,304,0,0,0,0,0,0,0,0,1037,2004
 COQUE DE CARVÃO MINERAL ,0,1412,43,0,0,0,0,0,0,0,0,0,0,0,0,0,6817,2004
 URÂNIO CONTIDO NO UO2,0,5627,-8362,0,0,0,0,0,0,0,0,0,0,0,0,0,0,2004
 ELETRICIDADE,0,3216,0,-1,0,0,0,1135,6758,4307,2588,1281,0,89,0,0,14797,2004
 CARVÃO VEGETAL ,0,34,0,-18,0,0,0,0,503,66,0,6,0,0,0,0,5778,2004
 ÁLCOOL ETÍLICO ANIDRO E HIDRATADO ,0,0,544,-1155,0,0,516,0,0,0,0,0,6445,0,0,0,0,2004
 OUTRAS SECUNDÁRIAS DE PETRÓLEO ,0,2153,24,-237,0,0,145,3361,0,0,0,0,0,0,0,0,5224,2004
 PRODUTOS NÃO ENERGÉTICOS DE PETRÓLEO ,0,485,-32,-438,0,0,4163,0,0,0,0,0,0,0,0,0,0,2004
 ALCATRÃO ,0,0,0,0,0,0,174,0,0,0,0,0,0,0,0,0,50,2004
 PETRÓLEO ,77225,17646,317,-12450,0,0,0,0,0,0,0,0,0,0,0,0,0,2003
 GÁS NATURAL ,15681,4448,0,0,-1599,-3020,696,2740,172,206,36,2,1169,0,0,0,5859,2003
 CARVÃO VAPOR ,1785,2276,147,0,0,0,0,0,0,0,0,0,0,0,0,0,2616,2003
 CARVÃO METALÚRGICO ,38,7030,-185,0,0,0,0,0,0,0,0,0,0,0,0,0,0,2003
 URÂNIO U3O8 ,2745,2155,-300,0,0,0,0,0,0,0,0,0,0,0,0,0,0,2003
 ENERGIA HIDRÁULICA ,26283,0,0,0,0,0,0,0,0,0,0,0,0,0,0,0,0,2003
 LENHA ,25965,0,0,0,0,0,0,0,7964,78,0,1990,0,0,0,0,5186,2003
 PRODUTOS DA CANA ,28357,0,0,0,0,0,0,7374,0,0,0,0,0,0,0,0,11981,2003
 OUTRAS FONTES PRIMÁRIAS ,5786,0,0,0,0,0,0,0,109,13,0,0,0,0,0,0,3882,2003
 ÓLEO DIESEL ,0,3239,-154,-696,0,0,0,153,0,86,118,4825,24252,683,0,254,644,2003
 ÓLEO COMBUSTIVEL ,0,89,-10,-8279,0,0,0,1126,0,129,116,83,0,0,0,699,5069,2003
 GASOLINA ,0,142,11,-2074,0,0,0,0,0,0,0,0,13115,0,47,0,0,2003
 GLP ,0,1246,90,-80,0,0,0,41,5710,272,391,18,0,0,0,0,565,2003
 NAFTA ,0,2827,249,0,0,0,7174,0,0,0,0,0,0,0,0,0,0,2003
 QUEROSENE ,0,289,-30,-1120,0,0,72,0,14,0,0,0,0,0,2194,0,13,2003
 GÁS DE CIDADE E DE COQUERIA ,0,0,0,0,0,0,0,288,0,0,0,0,0,0,0,0,972,2003
 COQUE DE CARVÃO MINERAL ,0,1821,-64,0,0,0,0,0,0,0,0,0,0,0,0,0,6688,2003
 URÂNIO CONTIDO NO UO2,0,1283,-2261,0,0,0,0,0,0,0,0,0,0,0,0,0,0,2003
 ELETRICIDADE,0,3195,0,-1,0,0,0,1033,6548,4160,2555,1228,0,84,0,0,13822,2003
 CARVÃO VEGETAL ,0,16,0,-8,0,0,0,0,493,63,0,5,0,0,0,0,4871,2003
 ÁLCOOL ETÍLICO ANIDRO E HIDRATADO ,0,3,-874,-392,0,0,459,0,0,0,0,0,5794,0,0,0,0,2003
 OUTRAS SECUNDÁRIAS DE PETRÓLEO ,0,2173,23,-237,0,0,138,3077,0,0,0,0,0,0,0,0,5144,2003
 PRODUTOS NÃO ENERGÉTICOS DE PETRÓLEO ,0,450,307,-506,0,0,3778,0,0,0,0,0,0,0,0,0,0,2003
 ALCATRÃO ,0,0,0,0,0,0,174,0,0,0,0,0,0,0,0,0,38,2003
 PETRÓLEO ,74927,19669,902,-12100,0,0,0,0,0,0,0,0,0,0,0,0,0,2002
 GÁS NATURAL ,15416,4725,0,0,-2121,-3211,722,2546,136,182,38,2,862,0,0,0,5582,2002
 CARVÃO VAPOR ,1936,2105,-133,0,0,0,0,0,0,0,0,0,0,0,0,0,2390,2002
 CARVÃO METALÚRGICO ,63,6896,-39,0,0,0,0,0,0,0,0,0,0,0,0,0,0,2002
 URÂNIO U3O8 ,3335,3580,-961,0,0,0,0,0,0,0,0,0,0,0,0,0,0,2002
 ENERGIA HIDRÁULICA ,24604,0,0,0,0,0,0,0,0,0,0,0,0,0,0,0,0,2002
 LENHA ,23645,0,0,0,0,0,0,0,7678,65,0,1795,0,0,0,0,4939,2002
 PRODUTOS DA CANA ,25279,0,0,0,0,0,0,6396,0,0,0,0,0,0,0,0,11106,2002
 OUTRAS FONTES PRIMÁRIAS ,5157,0,0,0,0,0,0,0,92,10,0,0,0,0,0,0,3357,2002
 ÓLEO DIESEL ,0,5418,454,-683,0,0,0,89,0,80,171,4773,25075,692,0,293,572,2002
 ÓLEO COMBUSTIVEL ,0,57,-44,-7604,0,0,0,981,0,378,159,106,0,0,0,742,5872,2002
 GASOLINA ,0,126,145,-2624,0,0,0,0,0,0,0,0,12432,0,42,0,0,2002
 GLP ,0,2049,0,-107,0,0,0,10,6112,265,407,20,0,0,0,0,595,2002
 NAFTA ,0,2486,-103,-38,0,0,6580,4,0,0,0,0,0,0,0,0,0,2002
 QUEROSENE ,0,819,29,-741,0,0,93,1,53,0,0,0,0,0,3093,0,16,2002
 GÁS DE CIDADE E DE COQUERIA ,0,0,0,0,0,0,0,299,22,4,0,0,0,0,0,0,879,2002
 COQUE DE CARVÃO MINERAL ,0,1438,117,0,0,0,0,0,0,0,0,0,0,0,0,0,6676,2002
 URÂNIO CONTIDO NO UO2,0,0,-2255,0,0,0,0,0,0,0,0,0,0,0,0,0,0,2002
 ELETRICIDADE,0,3146,0,-1,0,0,0,1001,6257,3905,2413,1111,0,81,0,0,13128,2002
 CARVÃO VEGETAL ,0,8,0,-5,0,0,0,0,435,58,0,5,0,0,0,0,4119,2002
 ÁLCOOL ETÍLICO ANIDRO E HIDRATADO ,0,1,550,-392,0,0,472,0,0,0,0,0,6087,0,0,0,0,2002
 OUTRAS SECUNDÁRIAS DE PETRÓLEO ,0,1895,196,-243,0,0,165,3067,0,0,0,0,0,0,0,0,5234,2002
 PRODUTOS NÃO ENERGÉTICOS DE PETRÓLEO ,0,424,-34,-124,0,0,4462,0,0,0,0,0,0,0,0,0,0,2002
 ALCATRÃO ,0,0,0,0,0,0,121,0,0,0,0,0,0,0,0,0,78,2002
 PETRÓLEO ,66742,21570,2362,-5719,0,0,0,0,0,0,0,0,0,0,0,0,0,2001
 GÁS NATURAL ,13894,4053,0,0,-2600,-2799,702,2198,123,141,18,0,503,0,0,0,4569,2001
 CARVÃO VAPOR ,2175,1862,457,0,0,0,0,0,0,0,0,0,0,0,0,0,2203,2001
 CARVÃO METALÚRGICO ,10,7199,-43,0,0,0,0,0,0,0,0,0,0,0,0,0,0,2001
 URÂNIO U3O8 ,669,1632,2220,0,0,0,0,0,0,0,0,0,0,0,0,0,0,2001
 ENERGIA HIDRÁULICA ,23037,0,0,0,0,0,0,0,0,0,0,0,0,0,0,0,0,2001
 LENHA ,22437,0,0,0,0,0,0,0,6857,71,0,1638,0,0,0,0,5132,2001
 PRODUTOS DA CANA ,22800,0,0,0,0,0,0,5834,0,0,0,0,0,0,0,0,9841,2001
 OUTRAS FONTES PRIMÁRIAS ,4705,0,0,0,0,0,0,0,70,6,0,0,0,0,0,0,3055,2001
 ÓLEO DIESEL ,0,5587,10,-719,0,0,0,258,0,60,114,4855,24071,456,0,313,491,2001
 ÓLEO COMBUSTIVEL ,0,12,69,-7312,0,0,0,1039,0,312,230,144,0,1,0,711,6033,2001
 GASOLINA ,0,246,29,-2298,0,0,0,0,0,0,0,0,12995,0,56,0,0,2001
 GLP ,0,2349,50,-5,0,0,0,4,6330,267,391,21,0,0,0,0,729,2001
 NAFTA ,0,2532,-19,0,0,0,7903,4,0,0,0,0,0,0,0,0,0,2001
 QUEROSENE ,0,1037,-12,-613,0,0,94,1,53,0,0,0,0,0,3215,0,16,2001
 GÁS DE CIDADE E DE COQUERIA ,0,0,0,0,0,0,0,328,25,8,2,0,0,0,0,0,892,2001
 COQUE DE CARVÃO MINERAL ,0,1116,18,0,0,0,0,0,0,0,0,0,0,0,0,0,6327,2001
 URÂNIO CONTIDO NO UO2,0,74,-813,0,0,0,0,0,0,0,0,0,0,0,0,0,0,2001
 ELETRICIDADE,0,3255,0,-1,0,0,0,959,6344,3841,2334,1066,0,103,0,0,11989,2001
 CARVÃO VEGETAL ,0,12,0,-6,0,0,0,0,418,61,0,5,0,0,0,0,3925,2001
 ÁLCOOL ETÍLICO ANIDRO E HIDRATADO ,0,60,219,-163,0,0,675,0,0,0,0,0,5377,0,0,0,0,2001
 OUTRAS SECUNDÁRIAS DE PETRÓLEO ,0,2467,-55,-140,0,0,156,2950,0,21,0,0,0,0,0,0,5444,2001
 PRODUTOS NÃO ENERGÉTICOS DE PETRÓLEO ,0,234,-350,-78,0,0,3876,0,0,0,0,0,0,0,0,0,0,2001
 ALCATRÃO ,0,0,0,0,0,0,137,0,0,0,0,0,0,0,0,0,75,2001
 PETRÓLEO ,63849,20537,-1273,-963,0,0,0,0,0,0,0,0,0,0,0,0,0,2000
 GÁS NATURAL ,13185,1945,0,0,-2351,-2523,731,2066,100,69,7,0,275,0,0,0,3867,2000
 CARVÃO VAPOR ,2603,1917,50,0,0,0,0,0,0,0,0,0,0,0,0,0,2269,2000
 CARVÃO METALÚRGICO ,10,7300,57,0,0,0,0,0,0,0,0,0,0,0,0,0,0,2000
 URÂNIO U3O8 ,132,618,1278,0,0,0,0,0,0,0,0,0,0,0,0,0,0,2000
 ENERGIA HIDRÁULICA ,26179,0,0,0,0,0,0,0,0,0,0,0,0,0,0,0,0,2000
 LENHA ,23054,4,0,0,0,0,0,0,6570,75,0,1638,0,0,0,0,5344,2000
 PRODUTOS DA CANA ,19895,0,0,0,0,0,0,5523,0,0,0,0,0,0,0,0,7858,2000
 OUTRAS FONTES PRIMÁRIAS ,4494,0,0,0,0,0,0,0,53,2,0,0,0,0,0,0,3000,2000
 ÓLEO DIESEL ,0,4986,-225,-641,0,0,0,253,0,67,118,4452,23410,403,0,277,524,2000
 ÓLEO COMBUSTIVEL ,0,68,-235,-5303,0,0,0,1080,0,354,234,106,0,0,0,648,7077,2000
 GASOLINA ,0,47,-175,-1579,0,0,0,0,0,0,0,0,13261,0,58,0,0,2000
 GLP ,0,3117,-109,-6,0,0,0,46,6325,217,369,16,0,0,0,0,871,2000
 NAFTA ,0,2912,4,0,0,0,8098,4,0,0,0,0,0,0,0,0,0,2000
 QUEROSENE ,0,742,0,-678,0,0,62,1,36,0,0,0,0,0,3124,0,19,2000
 GÁS DE CIDADE E DE COQUERIA ,0,0,0,0,-14,0,0,318,60,18,3,0,0,0,0,0,933,2000
 COQUE DE CARVÃO MINERAL ,0,1112,-50,0,0,0,0,0,0,0,0,0,0,0,0,0,6506,2000
 URÂNIO CONTIDO NO UO2,0,0,-222,0,0,0,0,0,0,0,0,0,0,0,0,0,0,2000
 ELETRICIDADE,0,3814,0,-1,0,0,0,901,7191,4086,2511,1106,0,107,0,0,12632,2000
 CARVÃO VEGETAL ,0,7,0,-5,0,0,0,0,409,63,0,5,0,0,0,0,4337,2000
 ÁLCOOL ETÍLICO ANIDRO E HIDRATADO ,0,33,949,-116,0,0,637,0,0,0,0,0,5820,0,0,0,0,2000
 OUTRAS SECUNDÁRIAS DE PETRÓLEO ,0,1940,-35,-175,0,0,172,2656,0,21,0,0,0,0,0,0,5178,2000
 PRODUTOS NÃO ENERGÉTICOS DE PETRÓLEO ,0,157,20,-238,0,0,4450,0,0,0,0,0,0,0,0,0,0,2000
 ALCATRÃO ,0,0,0,0,0,0,142,0,0,0,0,0,0,0,0,0,77,2000
 PETRÓLEO ,56612,24169,282,-30,0,0,0,0,0,0,0,0,0,0,0,0,0,1999
 GÁS NATURAL ,11810,352,0,0,-2258,-2143,710,1539,69,41,9,0,140,0,0,0,3094,1999
 CARVÃO VAPOR ,2110,1717,469,0,0,0,0,0,0,0,0,0,0,0,0,0,2013,1999
 CARVÃO METALÚRGICO ,19,7219,-144,0,0,0,0,0,0,0,0,0,0,0,0,0,0,1999
 URÂNIO U3O8 ,0,6,189,0,0,0,0,0,0,0,0,0,0,0,0,0,0,1999
 ENERGIA HIDRÁULICA ,25198,0,0,0,0,0,0,0,0,0,0,0,0,0,0,0,0,1999
 LENHA ,22126,4,0,0,0,0,0,0,6421,84,0,1724,0,0,0,0,5271,1999
 PRODUTOS DA CANA ,24575,0,0,0,0,0,0,6752,0,0,0,0,0,0,0,0,9935,1999
 OUTRAS FONTES PRIMÁRIAS ,4018,0,0,0,0,0,0,0,47,2,0,0,0,0,0,0,2887,1999
 ÓLEO DIESEL ,0,4475,-145,-506,0,0,0,240,0,72,251,4617,22704,350,0,341,509,1999
 ÓLEO COMBUSTIVEL ,0,228,118,-4394,0,0,0,1338,0,343,247,87,0,0,0,755,7774,1999
 GASOLINA ,0,176,-44,-1242,0,0,0,0,0,0,0,0,13770,0,58,0,0,1999
 GLP ,0,3299,-16,-3,0,0,0,20,6332,189,306,13,0,0,0,0,800,1999
 NAFTA ,0,2974,-35,0,0,0,7912,4,0,0,0,0,0,0,0,0,0,1999
 QUEROSENE ,0,850,-51,-833,0,0,26,1,37,0,0,0,0,0,2931,0,19,1999
 GÁS DE CIDADE E DE COQUERIA ,0,0,0,0,-10,0,0,288,65,19,4,0,0,0,0,0,872,1999
 COQUE DE CARVÃO MINERAL ,0,795,8,0,0,0,0,0,0,0,0,0,0,0,0,0,5829,1999
 URÂNIO CONTIDO NO UO2,0,0,1196,0,0,0,0,0,0,0,0,0,0,0,0,0,0,1999
 ELETRICIDADE,0,3437,0,-1,0,0,0,896,6991,3749,2412,1090,0,101,0,0,11915,1999
 CARVÃO VEGETAL ,0,6,0,-6,0,0,0,0,378,61,0,5,0,0,0,0,3956,1999
 ÁLCOOL ETÍLICO ANIDRO E HIDRATADO ,0,189,677,-206,0,0,612,0,0,0,0,0,6798,0,0,0,0,1999
 OUTRAS SECUNDÁRIAS DE PETRÓLEO ,0,1708,-130,-107,0,0,168,2369,0,0,0,0,0,0,0,0,4227,1999
 PRODUTOS NÃO ENERGÉTICOS DE PETRÓLEO ,0,238,-44,-130,0,0,4103,0,0,0,0,0,0,0,0,0,0,1999
 ALCATRÃO ,0,0,0,0,0,0,137,0,0,0,0,0,0,0,0,0,78,1999
 PETRÓLEO ,50512,28505,-234,0,0,0,0,0,0,0,0,0,0,0,0,0,0,1998
 GÁS NATURAL ,10708,0,0,0,-1981,-1914,743,1294,77,52,11,0,116,0,0,0,2756,1998
 CARVÃO VAPOR ,2067,1389,-284,0,0,0,0,0,0,0,0,0,0,0,0,0,1669,1998
 CARVÃO METALÚRGICO ,13,7745,7,0,0,0,0,0,0,0,0,0,0,0,0,0,0,1998
 URÂNIO U3O8 ,23,5413,-352,0,0,0,0,0,0,0,0,0,0,0,0,0,0,1998
 ENERGIA HIDRÁULICA ,25066,0,0,0,0,0,0,0,0,0,0,0,0,0,0,0,0,1998
 LENHA ,21261,4,0,0,0,0,0,0,6214,86,0,1777,0,0,0,0,5219,1998
 PRODUTOS DA CANA ,25155,0,0,0,0,0,0,7478,0,0,0,0,0,0,0,0,9207,1998
 OUTRAS FONTES PRIMÁRIAS ,3493,0,0,0,0,0,0,0,41,1,0,0,0,0,0,0,2529,1998
 ÓLEO DIESEL ,0,5351,-59,-466,0,0,0,211,0,75,153,4475,22453,350,0,297,526,1998
 ÓLEO COMBUSTIVEL ,0,56,-136,-3865,0,0,0,1678,0,325,245,45,0,0,0,773,8931,1998
 GASOLINA ,0,164,182,-1343,0,0,0,0,0,0,0,0,14772,0,62,0,0,1998
 GLP ,0,3082,61,-4,0,0,0,19,6202,151,207,8,0,0,0,0,748,1998
 NAFTA ,0,3832,-28,-4,0,0,7198,4,0,0,0,0,0,0,0,0,0,1998
 QUEROSENE ,0,829,-21,-883,0,0,26,1,29,0,0,0,0,0,3145,0,26,1998
 GÁS DE CIDADE E DE COQUERIA ,0,0,0,0,-16,0,0,338,71,20,3,0,0,0,0,0,999,1998
 COQUE DE CARVÃO MINERAL ,0,1161,-56,0,0,0,0,0,0,0,0,0,0,0,0,0,6538,1998
 URÂNIO CONTIDO NO UO2,0,0,-3562,0,0,0,0,0,0,0,0,0,0,0,0,0,0,1998
 ELETRICIDADE,0,3389,0,-1,0,0,0,828,6827,3576,2342,998,0,101,0,0,11733,1998
 CARVÃO VEGETAL ,0,7,0,-6,0,0,0,0,380,60,0,6,0,0,0,0,3539,1998
 ÁLCOOL ETÍLICO ANIDRO E HIDRATADO ,0,83,118,-72,0,0,607,0,0,0,0,0,6783,0,0,0,0,1998
 OUTRAS SECUNDÁRIAS DE PETRÓLEO ,0,759,-39,-86,0,0,123,2519,0,0,0,0,0,0,0,0,2660,1998
 PRODUTOS NÃO ENERGÉTICOS DE PETRÓLEO ,0,190,168,-179,0,0,4223,0,0,0,0,0,0,0,0,0,0,1998
 ALCATRÃO ,0,0,0,0,0,0,190,0,0,0,0,0,0,0,0,0,58,1998
 PETRÓLEO ,43590,29762,-289,-132,0,0,0,0,0,0,0,0,0,0,0,0,0,1997
 GÁS NATURAL ,9752,0,0,0,-1566,-1691,676,1189,71,73,8,0,41,0,0,0,2814,1997
 CARVÃO VAPOR ,2111,1273,-72,0,0,0,0,0,0,0,0,0,0,0,0,0,1721,1997
 CARVÃO METALÚRGICO ,58,7877,-131,0,0,0,0,0,0,0,0,0,0,0,0,0,0,1997
 URÂNIO U3O8 ,0,8385,-1065,0,0,0,0,0,0,0,0,0,0,0,0,0,0,1997
 ENERGIA HIDRÁULICA ,23992,0,0,0,0,0,0,0,0,0,0,0,0,0,0,0,0,1997
 LENHA ,21663,1,0,0,0,0,0,0,6062,91,0,1851,0,0,0,0,4916,1997
 PRODUTOS DA CANA ,25939,0,0,0,0,0,0,8605,0,0,0,0,0,0,0,0,8069,1997
 OUTRAS FONTES PRIMÁRIAS ,3321,0,0,0,0,0,0,0,36,1,0,0,0,0,0,0,2382,1997
 ÓLEO DIESEL ,0,5130,64,-521,0,0,0,184,0,70,151,4659,21422,329,0,250,505,1997
 ÓLEO COMBUSTIVEL ,0,458,180,-2412,0,0,0,1772,0,287,254,80,0,0,0,748,9160,1997
 GASOLINA ,0,308,34,-516,0,0,0,0,0,0,0,0,14156,0,58,0,0,1997
 GLP ,0,2876,-63,-4,0,0,0,17,6177,139,125,4,0,0,0,0,655,1997
 NAFTA ,0,3729,127,0,0,0,7182,4,0,0,0,0,0,0,0,0,0,1997
 QUEROSENE ,0,723,63,-890,0,0,27,1,31,0,0,0,0,0,2868,0,32,1997
 GÁS DE CIDADE E DE COQUERIA ,0,0,0,0,-12,0,0,358,71,19,4,0,0,0,0,0,1037,1997
 COQUE DE CARVÃO MINERAL ,0,1178,0,0,0,0,0,0,0,0,0,0,0,0,0,0,6695,1997
 URÂNIO CONTIDO NO UO2,0,0,-6157,0,0,0,0,0,0,0,0,0,0,0,0,0,0,1997
 ELETRICIDADE,0,3481,0,-1,0,0,0,786,6370,3283,2222,929,0,98,0,0,11655,1997
 CARVÃO VEGETAL ,0,7,0,-3,0,0,0,0,396,61,0,6,0,0,0,0,3916,1997
 ÁLCOOL ETÍLICO ANIDRO E HIDRATADO ,0,458,-929,-90,0,0,526,0,0,0,0,0,6910,0,0,0,0,1997
 OUTRAS SECUNDÁRIAS DE PETRÓLEO ,0,419,-24,-219,0,0,115,2508,0,0,0,0,0,0,0,0,2013,1997
 PRODUTOS NÃO ENERGÉTICOS DE PETRÓLEO ,0,212,83,-129,0,0,3746,0,0,0,0,0,0,0,0,0,0,1997
 ALCATRÃO ,0,0,0,0,0,0,221,0,0,0,0,0,0,0,0,0,97,1997
 PETRÓLEO ,40521,29407,-1609,-107,0,0,0,0,0,0,0,0,0,0,0,0,0,1996
 GÁS NATURAL ,9088,0,0,0,-1512,-1631,772,1113,63,38,5,0,32,0,0,0,2516,1996
 CARVÃO VAPOR ,1792,909,107,0,0,0,0,0,0,0,0,0,0,0,0,0,1480,1996
 CARVÃO METALÚRGICO ,85,8322,-148,0,0,0,0,0,0,0,0,0,0,0,0,0,0,1996
 URÂNIO U3O8 ,0,1409,-1409,0,0,0,0,0,0,0,0,0,0,0,0,0,0,1996
 ENERGIA HIDRÁULICA ,22856,0,0,0,0,0,0,0,0,0,0,0,0,0,0,0,0,1996
 LENHA ,21969,2,0,0,0,0,0,0,5987,94,0,1869,0,0,0,0,4945,1996
 PRODUTOS DA CANA ,23397,0,0,0,0,0,0,7629,0,0,0,0,0,0,0,0,7314,1996
 OUTRAS FONTES PRIMÁRIAS ,3121,0,0,0,0,0,0,0,32,1,0,0,0,0,0,0,2290,1996
 ÓLEO DIESEL ,0,4272,-34,-356,0,0,0,171,0,71,81,4480,20165,406,0,380,455,1996
 ÓLEO COMBUSTIVEL ,0,1676,-155,-2163,0,0,0,1501,0,280,306,83,0,0,0,1003,8874,1996
 GASOLINA ,0,748,-70,-475,0,0,0,0,0,0,0,0,12946,0,52,0,0,1996
 GLP ,0,2744,5,0,0,0,0,10,6144,131,67,1,0,0,0,0,488,1996
 NAFTA ,0,2594,-137,0,0,0,5777,11,0,0,0,0,0,0,0,0,0,1996
 QUEROSENE ,0,578,-74,-815,0,0,37,2,53,1,0,0,0,0,2549,0,23,1996
 GÁS DE CIDADE E DE COQUERIA ,0,0,0,0,-40,0,0,374,78,26,6,0,0,0,0,0,1040,1996
 COQUE DE CARVÃO MINERAL ,0,1184,-32,0,0,0,0,0,0,0,0,0,0,0,0,0,6807,1996
 URÂNIO CONTIDO NO UO2,0,0,783,0,0,0,0,0,0,0,0,0,0,0,0,0,0,1996
 ELETRICIDADE,0,3145,0,-1,0,0,0,776,5939,2991,2070,847,0,99,0,0,11159,1996
 CARVÃO VEGETAL ,0,5,0,0,0,0,0,0,395,59,1,8,0,0,0,0,4091,1996
 ÁLCOOL ETÍLICO ANIDRO E HIDRATADO ,0,673,-67,-111,0,0,578,0,0,0,0,0,7152,0,0,0,0,1996
 OUTRAS SECUNDÁRIAS DE PETRÓLEO ,0,114,-7,-99,0,0,92,2254,0,0,17,0,0,0,0,0,1827,1996
 PRODUTOS NÃO ENERGÉTICOS DE PETRÓLEO ,0,294,-27,-180,0,0,3475,0,0,0,0,0,0,0,0,0,0,1996
 ALCATRÃO ,0,0,0,0,0,0,167,2,0,0,0,0,0,0,0,0,73,1996
 PETRÓLEO ,35776,25984,2300,-694,0,0,0,0,0,0,0,0,0,0,0,0,0,1995
 GÁS NATURAL ,7896,0,0,0,-1070,-1403,841,898,46,26,5,0,43,0,0,0,2070,1995
 CARVÃO VAPOR ,1967,475,-1,0,0,0,0,0,0,0,0,0,0,0,0,0,1131,1995
 CARVÃO METALÚRGICO ,68,8104,41,0,0,0,0,0,0,0,0,0,0,0,0,0,0,1995
 URÂNIO U3O8 ,0,0,771,0,0,0,0,0,0,0,0,0,0,0,0,0,0,1995
 ENERGIA HIDRÁULICA ,21836,0,0,0,0,0,0,0,0,0,0,0,0,0,0,0,0,1995
 LENHA ,23261,1,0,0,0,0,0,0,6108,90,1,1884,0,0,0,0,4963,1995
 PRODUTOS DA CANA ,21778,0,0,0,0,0,0,7170,0,0,0,0,0,0,0,0,7175,1995
 OUTRAS FONTES PRIMÁRIAS ,2953,0,0,0,0,0,0,0,29,1,0,0,0,0,0,0,2136,1995
 ÓLEO DIESEL ,0,3700,145,-569,0,0,0,147,0,71,184,4275,19280,440,0,319,490,1995
 ÓLEO COMBUSTIVEL ,0,713,108,-1783,0,0,0,1674,0,274,400,94,0,1,0,786,7899,1995
 GASOLINA ,0,719,-44,-817,0,0,0,0,0,0,0,0,11057,0,48,0,0,1995
 GLP ,0,2611,-23,0,0,0,0,10,5887,128,56,1,0,0,0,0,401,1995
 NAFTA ,0,2716,62,0,0,0,5943,30,0,0,0,0,0,0,0,0,0,1995
 QUEROSENE ,0,536,26,-728,0,0,34,1,71,1,0,0,0,0,2387,0,30,1995
 GÁS DE CIDADE E DE COQUERIA ,0,0,0,0,-36,0,0,364,81,28,5,0,0,0,0,0,1052,1995
 COQUE DE CARVÃO MINERAL ,0,1226,-37,0,0,0,0,0,0,0,0,0,0,0,0,0,6808,1995
 URÂNIO CONTIDO NO UO2,0,0,140,0,0,0,0,0,0,0,0,0,0,0,0,0,0,1995
 ELETRICIDADE,0,3040,0,0,0,0,0,714,5468,2777,1985,789,0,104,0,0,10937,1995
 CARVÃO VEGETAL ,0,10,0,-6,0,0,0,0,434,56,2,7,0,0,0,0,4416,1995
 ÁLCOOL ETÍLICO ANIDRO E HIDRATADO ,0,1248,-6,-205,0,0,611,0,0,0,0,0,6870,0,0,0,0,1995
 OUTRAS SECUNDÁRIAS DE PETRÓLEO ,0,0,16,0,-136,0,292,1823,0,0,17,0,0,0,0,0,1659,1995
 PRODUTOS NÃO ENERGÉTICOS DE PETRÓLEO ,0,302,-41,-92,0,0,3007,0,0,0,0,0,0,0,0,0,0,1995
 ALCATRÃO ,0,0,0,0,0,0,67,2,0,0,0,0,0,0,0,0,185,1995
 PETRÓLEO ,34446,28488,52,0,0,0,0,0,0,0,0,0,0,0,0,0,0,1994
 GÁS NATURAL ,7699,0,0,0,-1070,-1501,984,908,26,13,3,0,40,0,0,0,1781,1994
 CARVÃO VAPOR ,1943,263,-35,0,0,0,0,0,0,0,0,0,0,0,0,0,1058,1994
 CARVÃO METALÚRGICO ,76,8032,-18,0,0,0,0,0,0,0,0,0,0,0,0,0,0,1994
 URÂNIO U3O8 ,0,0,1374,0,0,0,0,0,0,0,0,0,0,0,0,0,0,1994
 ENERGIA HIDRÁULICA ,20873,0,0,0,0,0,0,0,0,0,0,0,0,0,0,0,0,1994
 LENHA ,24858,0,0,0,0,0,0,0,6742,91,1,1847,0,0,0,0,5083,1994
 PRODUTOS DA CANA ,22010,0,0,0,0,0,0,7530,0,0,0,0,0,0,0,0,7016,1994
 OUTRAS FONTES PRIMÁRIAS ,3031,0,0,0,0,0,0,0,26,1,0,0,0,0,0,0,2209,1994
 ÓLEO DIESEL ,0,2845,-188,-818,0,0,0,246,0,70,183,4014,18106,411,0,306,471,1994
 ÓLEO COMBUSTIVEL ,0,2802,-25,-2648,0,0,0,1650,0,282,374,63,0,0,0,818,7337,1994
 GASOLINA ,0,24,177,-2361,0,0,0,0,0,0,0,0,9235,0,52,0,0,1994
 GLP ,0,1923,22,0,0,0,0,15,5613,129,43,1,0,0,0,0,322,1994
 NAFTA ,0,2566,-34,-211,0,0,6135,5,0,0,0,0,0,0,0,0,0,1994
 QUEROSENE ,0,342,75,-682,0,0,32,5,78,2,0,0,0,0,2046,0,37,1994
 GÁS DE CIDADE E DE COQUERIA ,0,0,0,0,-49,0,0,386,95,32,5,0,0,0,0,0,1001,1994
 COQUE DE CARVÃO MINERAL ,0,1021,11,0,0,0,0,0,0,0,0,0,0,0,0,0,6725,1994
 URÂNIO CONTIDO NO UO2,0,0,-1331,0,0,0,0,0,0,0,0,0,0,0,0,0,0,1994
 ELETRICIDADE,0,2732,0,0,0,0,0,667,4812,2484,1846,722,0,101,0,0,10851,1994
 CARVÃO VEGETAL ,0,4,0,-7,0,0,0,0,515,58,3,6,0,0,0,0,4751,1994
 ÁLCOOL ETÍLICO ANIDRO E HIDRATADO ,0,961,-48,-149,0,0,538,0,0,0,0,0,6643,0,0,0,0,1994
 OUTRAS SECUNDÁRIAS DE PETRÓLEO ,0,0,-17,0,-88,0,218,1912,0,0,18,0,0,0,0,0,1407,1994
 PRODUTOS NÃO ENERGÉTICOS DE PETRÓLEO ,0,106,62,-166,0,0,3152,0,0,0,0,0,0,0,0,0,0,1994
 ALCATRÃO ,0,0,0,0,0,0,76,0,0,0,0,0,0,0,0,0,200,1994
 PETRÓLEO ,33169,26201,2136,0,0,0,0,0,0,0,0,0,0,0,0,0,0,1993
 GÁS NATURAL ,7301,0,0,0,-1015,-1360,912,957,18,9,3,0,22,0,0,0,1713,1993
 CARVÃO VAPOR ,1784,134,38,0,0,0,0,0,0,0,0,0,0,0,0,0,924,1993
 CARVÃO METALÚRGICO ,37,7944,297,0,0,0,0,0,0,0,0,0,0,0,0,0,0,1993
 URÂNIO U3O8 ,0,0,440,0,0,0,0,0,0,0,0,0,0,0,0,0,0,1993
 ENERGIA HIDRÁULICA ,20216,0,0,0,0,0,0,0,0,0,0,0,0,0,0,0,0,1993
 LENHA ,24803,0,0,0,0,0,0,0,6942,99,1,1875,0,0,0,0,4885,1993
 PRODUTOS DA CANA ,19378,0,0,0,0,0,0,6845,0,0,0,0,0,0,0,0,5637,1993
 OUTRAS FONTES PRIMÁRIAS ,3008,0,0,0,0,0,0,0,23,0,0,0,0,0,0,0,2143,1993
 ÓLEO DIESEL ,0,3817,-42,-688,0,0,0,328,0,48,80,3826,17325,549,0,336,386,1993
 ÓLEO COMBUSTIVEL ,0,4970,-3282,-2604,0,0,0,1387,0,282,163,35,0,0,0,903,7501,1993
 GASOLINA ,0,0,-144,-3049,0,0,0,0,0,0,0,0,8436,0,43,0,0,1993
 GLP ,0,1884,-406,-7,0,0,0,25,5571,131,32,1,0,0,0,0,246,1993
 NAFTA ,0,2137,-801,0,0,0,5436,0,0,0,0,0,0,0,0,0,0,1993
 QUEROSENE ,0,382,-152,-601,0,0,62,12,92,0,1,1,0,0,2001,0,33,1993
 GÁS DE CIDADE E DE COQUERIA ,0,0,0,0,-30,0,0,408,133,53,8,0,0,0,0,0,957,1993
 COQUE DE CARVÃO MINERAL ,0,799,-33,0,0,0,0,0,0,0,0,0,0,0,0,0,6597,1993
 URÂNIO CONTIDO NO UO2,0,0,-296,0,0,0,0,0,0,0,0,0,0,0,0,0,0,1993
 ELETRICIDADE,0,2370,0,-1,0,0,0,683,4612,2357,1766,688,0,103,0,0,10532,1993
 CARVÃO VEGETAL ,0,1,0,-12,0,0,0,0,531,58,3,8,0,0,0,0,4656,1993
 ÁLCOOL ETÍLICO ANIDRO E HIDRATADO ,0,742,161,-87,0,0,457,0,0,0,0,0,6228,0,0,0,0,1993
 OUTRAS SECUNDÁRIAS DE PETRÓLEO ,0,0,14,0,-88,0,203,1835,0,0,0,0,0,0,0,0,1093,1993
 PRODUTOS NÃO ENERGÉTICOS DE PETRÓLEO ,0,49,309,-166,0,0,2946,0,0,0,0,0,0,0,0,0,0,1993
 ALCATRÃO ,0,0,0,0,0,0,56,0,0,0,0,0,0,0,0,0,220,1993
 PETRÓLEO ,32466,27322,1024,0,0,0,0,0,0,0,0,0,0,0,0,0,0,1992
 GÁS NATURAL ,6924,0,-3,0,-903,-1424,915,786,5,2,1,0,0,0,0,0,1589,1992
 CARVÃO VAPOR ,1794,0,264,0,0,0,0,0,0,0,0,0,0,0,0,0,929,1992
 CARVÃO METALÚRGICO ,81,7692,175,0,0,0,0,0,0,0,0,0,0,0,0,0,0,1992
 URÂNIO U3O8 ,0,0,0,0,0,0,0,0,0,0,0,0,0,0,0,0,0,1992
 ENERGIA HIDRÁULICA ,19207,0,0,0,0,0,0,0,0,0,0,0,0,0,0,0,0,1992
 LENHA ,25089,0,0,0,0,0,0,0,7946,102,1,1921,0,0,0,0,4681,1992
 PRODUTOS DA CANA ,20064,0,0,0,0,0,0,7109,0,0,0,0,0,0,0,0,5670,1992
 OUTRAS FONTES PRIMÁRIAS ,2767,0,0,0,0,0,0,0,21,0,0,0,0,0,0,0,1942,1992
 ÓLEO DIESEL ,0,1965,-98,-256,0,0,0,502,0,44,74,3462,16882,540,0,335,321,1992
 ÓLEO COMBUSTIVEL ,0,522,37,-2390,0,0,0,1121,0,269,62,32,0,0,0,759,7325,1992
 GASOLINA ,0,0,-134,-1587,0,0,0,0,0,0,0,0,8023,0,38,0,0,1992
 GLP ,0,1704,25,-3,0,0,0,18,5360,321,20,1,0,0,0,0,223,1992
 NAFTA ,0,1132,-51,-37,0,0,5263,0,0,0,0,0,0,0,0,0,0,1992
 QUEROSENE ,0,120,26,-532,0,0,66,14,102,0,1,1,0,0,1897,0,42,1992
 GÁS DE CIDADE E DE COQUERIA ,0,0,0,0,-27,0,0,394,138,52,8,0,0,0,0,0,936,1992
 COQUE DE CARVÃO MINERAL ,0,681,-10,0,0,0,0,0,0,0,0,0,0,0,0,0,6239,1992
 URÂNIO CONTIDO NO UO2,0,0,347,0,0,0,0,0,0,0,0,0,0,0,0,0,0,1992
 ELETRICIDADE,0,2066,0,-1,0,0,0,677,4460,2231,1676,648,0,103,0,0,10026,1992
 CARVÃO VEGETAL ,0,0,0,0,0,0,0,0,557,60,3,9,0,0,0,0,4331,1992
 ÁLCOOL ETÍLICO ANIDRO E HIDRATADO ,0,280,-3,0,0,0,356,0,0,0,0,0,5973,0,0,0,0,1992
 OUTRAS SECUNDÁRIAS DE PETRÓLEO ,0,0,-7,0,-75,0,166,1740,0,0,0,0,0,0,0,0,993,1992
 PRODUTOS NÃO ENERGÉTICOS DE PETRÓLEO ,0,12,-103,-214,0,0,2956,0,0,0,0,0,0,0,0,0,0,1992
 ALCATRÃO ,0,0,0,0,0,0,49,0,0,0,0,0,0,0,0,0,215,1992
 PETRÓLEO ,32117,27110,69,0,0,0,0,0,0,0,0,0,0,0,0,0,0,1991
 GÁS NATURAL ,6548,0,5,0,-986,-1212,878,708,5,2,2,0,2,0,0,0,1448,1991
 CARVÃO VAPOR ,1954,0,474,0,0,0,0,0,0,0,0,0,0,3,0,0,1292,1991
 CARVÃO METALÚRGICO ,147,7958,-185,0,0,0,0,0,0,0,0,0,0,0,0,0,0,1991
 URÂNIO U3O8 ,0,0,1176,0,0,0,0,0,0,0,0,0,0,0,0,0,0,1991
 ENERGIA HIDRÁULICA ,18729,0,0,0,0,0,0,0,0,0,0,0,0,0,0,0,0,1991
 LENHA ,26701,0,0,0,0,0,0,0,7928,108,2,2107,0,2,0,0,5228,1991
 PRODUTOS DA CANA ,20093,0,0,0,0,0,0,7525,0,0,0,0,0,0,0,0,4568,1991
 OUTRAS FONTES PRIMÁRIAS ,2423,0,0,0,0,0,0,0,18,0,0,0,0,0,0,0,1618,1991
 ÓLEO DIESEL ,0,1586,91,-161,0,0,0,449,0,42,87,3377,16587,522,0,340,300,1991
 ÓLEO COMBUSTIVEL ,0,232,34,-2353,0,0,0,1101,0,272,52,21,0,0,0,705,6789,1991
 GASOLINA ,0,8,-31,-1186,0,0,0,0,0,0,0,0,8059,0,45,0,0,1991
 GLP ,0,1699,-125,0,0,0,0,24,5131,293,22,1,0,0,0,0,179,1991
 NAFTA ,0,537,-38,-4,0,0,4826,0,0,0,0,0,0,0,0,0,0,1991
 QUEROSENE ,0,122,16,-567,0,0,80,4,125,0,1,0,0,0,2014,0,55,1991
 GÁS DE CIDADE E DE COQUERIA ,0,0,0,0,-42,0,0,374,148,59,9,0,0,0,0,0,981,1991
 COQUE DE CARVÃO MINERAL ,0,740,-86,0,0,0,0,0,0,0,0,0,0,0,0,0,6152,1991
 URÂNIO CONTIDO NO UO2,0,0,-754,0,0,0,0,0,0,0,0,0,0,0,0,0,0,1991
 ELETRICIDADE,0,2330,0,-1,0,0,0,669,4389,2095,1613,629,0,93,0,0,9894,1991
 CARVÃO VEGETAL ,0,0,0,0,0,0,0,0,613,55,3,13,0,0,0,0,4718,1991
 ÁLCOOL ETÍLICO ANIDRO E HIDRATADO ,0,557,-707,0,0,0,351,0,0,0,0,0,6104,0,0,0,0,1991
 OUTRAS SECUNDÁRIAS DE PETRÓLEO ,0,0,-2,0,-7,0,222,1696,0,0,0,0,0,0,0,0,1068,1991
 PRODUTOS NÃO ENERGÉTICOS DE PETRÓLEO ,0,77,11,-120,0,0,2998,0,0,0,0,0,0,0,0,0,0,1991
 ALCATRÃO ,0,0,0,0,0,0,119,0,0,0,0,0,0,0,0,0,156,1991
 PETRÓLEO ,32550,29464,-1555,0,0,0,0,0,0,0,0,0,0,0,0,0,0,1990
 GÁS NATURAL ,6233,0,5,0,-1036,-865,834,814,4,1,2,0,2,0,0,0,1376,1990
 CARVÃO VAPOR ,1595,0,359,0,0,0,0,0,0,0,0,0,0,5,0,0,986,1990
 CARVÃO METALÚRGICO ,320,7505,-135,0,0,0,0,0,0,0,0,0,0,0,0,0,0,1990
 URÂNIO U3O8 ,51,0,-51,0,0,0,0,0,0,0,0,0,0,0,0,0,0,1990
 ENERGIA HIDRÁULICA ,17777,0,0,0,0,0,0,0,0,0,0,0,0,0,0,0,0,1990
 LENHA ,28537,0,0,0,0,0,0,0,7960,115,2,2169,0,2,0,0,5388,1990
 PRODUTOS DA CANA ,18451,0,0,0,0,0,0,6707,0,0,0,0,0,0,0,0,4560,1990
 OUTRAS FONTES PRIMÁRIAS ,2200,0,0,0,0,0,0,0,16,0,0,0,0,0,0,0,1494,1990
 ÓLEO DIESEL ,0,596,-38,-223,0,0,0,429,0,39,82,3246,15983,522,0,323,319,1990
 ÓLEO COMBUSTIVEL ,0,638,45,-2509,0,0,0,1655,0,288,54,26,0,0,0,766,6771,1990
 GASOLINA ,0,4,-66,-1741,0,0,0,0,0,0,0,0,7436,0,48,0,0,1990
 GLP ,0,1441,-34,-6,0,0,0,20,4988,338,17,1,0,0,0,0,162,1990
 NAFTA ,0,188,-13,0,0,0,4958,0,0,0,0,0,0,0,0,0,0,1990
 QUEROSENE ,0,23,-28,-490,0,0,82,3,128,0,1,0,0,0,1918,0,58,1990
 GÁS DE CIDADE E DE COQUERIA ,0,0,0,0,-43,0,0,340,144,55,8,0,0,0,0,0,963,1990
 COQUE DE CARVÃO MINERAL ,0,396,-425,0,0,0,0,0,0,0,0,0,0,0,0,0,5132,1990
 URÂNIO CONTIDO NO UO2,0,0,598,0,0,0,0,0,0,0,0,0,0,0,0,0,0,1990
 ELETRICIDADE,0,2283,0,-1,0,0,0,588,4185,2049,1559,573,0,103,0,0,9661,1990
 CARVÃO VEGETAL ,0,0,0,0,0,0,0,0,639,53,3,12,0,0,0,0,5430,1990
 ÁLCOOL ETÍLICO ANIDRO E HIDRATADO ,0,600,-63,0,0,0,491,0,0,0,0,0,5855,0,0,0,0,1990
 OUTRAS SECUNDÁRIAS DE PETRÓLEO ,0,0,-19,0,-297,0,246,1485,0,0,4,0,0,0,0,0,1112,1990
 PRODUTOS NÃO ENERGÉTICOS DE PETRÓLEO ,0,101,-232,-51,0,0,3233,0,0,0,0,0,0,0,0,0,0,1990
 ALCATRÃO ,0,0,-17,0,0,0,109,0,0,0,0,0,0,0,0,0,115,1990
 PETRÓLEO ,30623,30440,266,0,0,0,0,0,0,0,0,0,0,0,0,0,0,1989
 GÁS NATURAL ,6060,0,0,0,-850,-950,1070,841,2,0,1,0,2,0,0,0,1112,1989
 CARVÃO VAPOR ,2221,0,61,0,0,0,0,0,0,0,0,0,0,7,0,0,1167,1989
 CARVÃO METALÚRGICO ,675,7066,4,0,0,0,0,0,0,0,0,0,0,0,0,0,0,1989
 URÂNIO U3O8 ,355,0,-355,0,0,0,0,0,0,0,0,0,0,0,0,0,0,1989
 ENERGIA HIDRÁULICA ,17603,0,0,0,0,0,0,0,0,0,0,0,0,0,0,0,0,1989
 LENHA ,32953,0,0,0,0,0,0,0,8904,115,2,2355,0,2,0,0,5808,1989
 PRODUTOS DA CANA ,18480,0,0,0,0,0,0,7096,0,0,0,0,0,0,0,0,4288,1989
 OUTRAS FONTES PRIMÁRIAS ,2012,0,0,0,0,0,0,0,14,0,0,0,0,0,0,0,1509,1989
 ÓLEO DIESEL ,0,851,18,-581,0,0,0,386,0,46,75,3588,15868,610,0,327,312,1989
 ÓLEO COMBUSTIVEL ,0,1018,8,-2602,0,0,0,1559,0,221,53,29,0,0,0,715,7029,1989
 GASOLINA ,0,2,-47,-3073,0,0,0,0,0,0,0,0,6527,0,63,0,0,1989
 GLP ,0,1420,-19,-32,0,0,0,29,4837,289,15,1,0,0,0,0,189,1989
 NAFTA ,0,123,-18,0,0,0,4890,0,0,0,0,0,0,0,0,0,0,1989
 QUEROSENE ,0,29,-229,-456,0,0,110,0,148,0,1,0,0,0,2015,0,74,1989
 GÁS DE CIDADE E DE COQUERIA ,0,0,0,0,-46,0,0,353,154,56,8,0,0,0,0,0,1195,1989
 COQUE DE CARVÃO MINERAL ,0,863,-116,0,0,0,0,0,0,0,0,0,0,0,0,0,6169,1989
 URÂNIO CONTIDO NO UO2,0,0,473,0,0,0,0,0,0,0,0,0,0,0,0,0,0,1989
 ELETRICIDADE,0,2031,0,-130,0,0,0,574,3761,1935,1487,547,0,111,0,0,9851,1989
 CARVÃO VEGETAL ,0,0,0,0,0,0,0,0,705,55,3,13,0,0,0,0,6750,1989
 ÁLCOOL ETÍLICO ANIDRO E HIDRATADO ,0,0,866,0,0,0,377,0,0,0,0,0,6507,0,0,0,0,1989
 OUTRAS SECUNDÁRIAS DE PETRÓLEO ,0,0,-31,-26,-193,0,237,1709,0,0,0,0,0,0,0,0,1035,1989
 PRODUTOS NÃO ENERGÉTICOS DE PETRÓLEO ,0,117,-15,-82,0,0,3015,0,0,0,0,0,0,0,0,0,0,1989
 ALCATRÃO ,0,0,0,0,0,0,67,0,0,0,0,0,0,0,0,0,191,1989
 PETRÓLEO ,28448,32796,-69,-191,0,0,0,0,0,0,0,0,0,0,0,0,0,1988
 GÁS NATURAL ,6005,0,7,0,-903,-1060,983,871,0,0,0,0,3,0,0,0,1069,1988
 CARVÃO VAPOR ,2492,0,-150,0,0,0,0,0,0,0,0,0,0,7,0,0,1476,1988
 CARVÃO METALÚRGICO ,789,6866,168,0,0,0,0,0,0,0,0,0,0,0,0,0,0,1988
 URÂNIO U3O8 ,183,0,177,0,0,0,0,0,0,0,0,0,0,0,0,0,0,1988
 ENERGIA HIDRÁULICA ,17122,0,0,0,0,0,0,0,0,0,0,0,0,0,0,0,0,1988
 LENHA ,32565,0,0,0,0,0,0,0,9559,136,2,2495,0,2,0,0,6154,1988
 PRODUTOS DA CANA ,19032,0,0,0,0,0,0,6847,0,0,0,0,0,0,0,0,4947,1988
 OUTRAS FONTES PRIMÁRIAS ,2014,0,0,0,0,0,0,0,12,0,0,0,0,0,0,0,1494,1988
 ÓLEO DIESEL ,0,477,149,-920,0,0,0,405,0,31,148,3384,14981,598,0,456,322,1988
 ÓLEO COMBUSTIVEL ,0,1752,-142,-2242,0,0,0,1621,0,201,182,36,0,0,0,1175,6736,1988
 GASOLINA ,0,5,-24,-4111,0,0,0,0,0,0,0,0,5809,0,62,0,0,1988
 GLP ,0,1480,-123,-43,0,0,0,14,4595,222,22,1,0,0,0,0,224,1988
 NAFTA ,0,73,5,0,0,0,4537,0,0,0,0,0,0,0,0,0,0,1988
 QUEROSENE ,0,29,-170,-564,0,0,105,0,162,0,1,0,0,0,1905,0,82,1988
 GÁS DE CIDADE E DE COQUERIA ,0,0,0,0,-15,0,0,364,153,53,8,0,0,0,0,0,1242,1988
 COQUE DE CARVÃO MINERAL ,0,586,106,0,0,0,0,0,0,0,0,0,0,0,0,0,6255,1988
 URÂNIO CONTIDO NO UO2,0,0,-193,0,0,0,0,0,0,0,0,0,0,0,0,0,0,1988
 ELETRICIDADE,0,1544,0,-1,0,0,0,563,3486,1835,1428,535,0,103,0,0,9585,1988
 CARVÃO VEGETAL ,0,0,0,0,0,0,0,0,753,52,4,12,0,0,0,0,5939,1988
 ÁLCOOL ETÍLICO ANIDRO E HIDRATADO ,0,0,550,-47,0,0,344,0,0,0,0,0,6024,0,0,0,0,1988
 OUTRAS SECUNDÁRIAS DE PETRÓLEO ,0,0,78,0,-56,0,328,1603,0,0,0,0,0,0,0,0,1120,1988
 PRODUTOS NÃO ENERGÉTICOS DE PETRÓLEO ,0,83,-58,-143,0,0,3101,0,0,0,0,0,0,0,0,0,0,1988
 ALCATRÃO ,0,0,0,0,0,0,68,0,0,0,0,0,0,0,0,0,197,1988
 PETRÓLEO ,29104,31810,189,0,0,0,0,0,0,0,0,0,0,0,0,0,0,1987
 GÁS NATURAL ,5738,0,160,0,-962,-948,974,934,1,0,1,0,0,0,0,0,995,1987
 CARVÃO VAPOR ,2377,0,422,0,0,0,0,0,0,0,0,0,0,6,0,0,1706,1987
 CARVÃO METALÚRGICO ,636,7146,-339,0,0,0,0,0,0,0,0,0,0,0,0,0,0,1987
 URÂNIO U3O8 ,1151,0,-322,0,0,0,0,0,0,0,0,0,0,0,0,0,0,1987
 ENERGIA HIDRÁULICA ,15962,0,0,0,0,0,0,0,0,0,0,0,0,0,0,0,0,1987
 LENHA ,32777,0,0,0,0,0,0,0,10179,152,3,2603,0,2,0,0,6452,1987
 PRODUTOS DA CANA ,20772,0,0,0,0,0,0,7318,0,0,0,0,0,0,0,0,5603,1987
 OUTRAS FONTES PRIMÁRIAS ,1871,0,0,0,0,0,0,0,10,0,0,0,0,0,0,0,1355,1987
 ÓLEO DIESEL ,0,503,-94,-802,0,0,0,344,0,32,93,3231,14689,569,0,499,293,1987
 ÓLEO COMBUSTIVEL ,0,861,31,-1908,0,0,0,1641,0,146,111,35,0,0,0,1237,6659,1987
 GASOLINA ,0,8,-41,-4042,0,0,0,0,0,0,0,0,5931,0,63,0,0,1987
 GLP ,0,856,-188,-47,0,0,0,15,4273,173,23,0,0,0,0,0,260,1987
 NAFTA ,0,34,-99,0,0,0,4575,0,0,0,0,0,0,0,0,0,0,1987
 QUEROSENE ,0,0,-36,-688,0,0,120,1,165,0,1,1,0,0,1968,0,77,1987
 GÁS DE CIDADE E DE COQUERIA ,0,0,0,0,-15,0,0,351,151,53,7,0,0,0,0,0,1159,1987
 COQUE DE CARVÃO MINERAL ,0,499,-117,0,0,0,0,0,0,0,0,0,0,0,0,0,5545,1987
 URÂNIO CONTIDO NO UO2,0,0,-539,0,0,0,0,0,0,0,0,0,0,0,0,0,0,1987
 ELETRICIDADE,0,1446,0,-1,0,0,0,548,3301,1760,1339,505,0,102,0,0,9022,1987
 CARVÃO VEGETAL ,0,0,0,0,0,0,0,0,781,58,5,13,0,0,0,0,5489,1987
 ÁLCOOL ETÍLICO ANIDRO E HIDRATADO ,0,0,-174,-21,0,0,361,0,0,0,0,0,5686,0,0,0,0,1987
 OUTRAS SECUNDÁRIAS DE PETRÓLEO ,0,0,-27,0,-7,0,437,1561,0,0,0,0,0,0,0,2,1047,1987
 PRODUTOS NÃO ENERGÉTICOS DE PETRÓLEO ,0,67,-126,-136,0,0,3016,0,0,0,0,0,0,0,0,0,0,1987
 ALCATRÃO ,0,0,0,0,0,0,126,0,0,0,0,0,0,0,0,0,138,1987
 PETRÓLEO ,29433,30915,-661,0,0,0,0,0,0,0,0,0,0,0,0,0,0,1986
 GÁS NATURAL ,5644,0,16,0,-1210,-975,912,924,0,0,0,0,0,0,0,0,766,1986
 CARVÃO VAPOR ,2491,0,634,-52,0,0,0,0,0,0,0,0,0,7,0,0,1705,1986
 CARVÃO METALÚRGICO ,854,6245,28,0,0,0,0,0,0,0,0,0,0,0,0,0,0,1986
 URÂNIO U3O8 ,365,0,-365,0,0,0,0,0,0,0,0,0,0,0,0,0,0,1986
 ENERGIA HIDRÁULICA ,15688,0,0,0,0,0,0,0,0,0,0,0,0,0,0,0,0,1986
 LENHA ,32766,0,0,0,0,0,0,0,9668,167,4,2510,0,2,0,0,6680,1986
 PRODUTOS DA CANA ,17257,0,0,0,0,0,0,5874,0,0,0,0,0,0,0,0,4976,1986
 OUTRAS FONTES PRIMÁRIAS ,1777,0,0,0,0,0,0,0,7,0,0,0,0,0,0,0,1319,1986
 ÓLEO DIESEL ,0,712,-170,-794,0,0,0,380,0,35,59,2976,13948,595,0,751,276,1986
 ÓLEO COMBUSTIVEL ,0,355,121,-2211,0,0,0,1498,0,153,62,25,0,2,0,1316,5947,1986
 GASOLINA ,0,101,-71,-2900,0,0,0,0,0,0,0,0,6808,0,67,0,0,1986
 GLP ,0,672,-157,-22,0,0,0,16,4048,149,18,0,0,0,0,0,182,1986
 NAFTA ,0,3,-189,0,0,0,4062,0,0,0,0,0,0,0,0,0,0,1986
 QUEROSENE ,0,38,-287,-441,0,0,83,1,176,0,1,1,0,0,1944,0,84,1986
 GÁS DE CIDADE E DE COQUERIA ,0,0,0,0,-34,0,0,357,146,50,7,0,0,0,0,0,918,1986
 COQUE DE CARVÃO MINERAL ,0,64,-118,0,0,0,0,0,0,0,0,0,0,0,0,0,4946,1986
 URÂNIO CONTIDO NO UO2,0,0,37,0,0,0,0,0,0,0,0,0,0,0,0,0,0,1986
 ELETRICIDADE,0,886,0,-1,0,0,0,546,3075,1685,1277,430,0,100,0,0,8975,1986
 CARVÃO VEGETAL ,0,0,0,0,0,0,0,0,803,65,6,8,0,0,0,0,5642,1986
 ÁLCOOL ETÍLICO ANIDRO E HIDRATADO ,0,0,1051,-165,0,0,389,0,0,0,0,0,5584,0,0,0,0,1986
 OUTRAS SECUNDÁRIAS DE PETRÓLEO ,0,13,2,0,-166,0,377,1376,0,0,0,0,0,0,0,0,1019,1986
 PRODUTOS NÃO ENERGÉTICOS DE PETRÓLEO ,0,56,-148,-119,0,0,3062,0,0,0,0,0,0,0,0,0,0,1986
 ALCATRÃO ,0,0,0,0,0,0,226,0,0,0,0,0,0,0,0,0,64,1986
 PETRÓLEO ,28080,28008,-65,0,0,0,0,0,0,0,0,0,0,0,0,0,0,1985
 GÁS NATURAL ,5427,0,0,0,-1587,-894,834,801,0,0,0,0,0,0,0,0,598,1985
 CARVÃO VAPOR ,2620,0,423,0,0,0,0,0,0,0,0,0,0,13,0,0,1508,1985
 CARVÃO METALÚRGICO ,903,5954,108,0,0,0,0,0,0,0,0,0,0,0,0,0,0,1985
 URÂNIO U3O8 ,1011,0,-1011,0,0,0,0,0,0,0,0,0,0,0,0,0,0,1985
 ENERGIA HIDRÁULICA ,15340,0,0,0,0,0,0,0,0,0,0,0,0,0,0,0,0,1985
 LENHA ,32925,0,0,0,0,0,0,0,10764,161,4,2634,0,3,0,0,6356,1985
 PRODUTOS DA CANA ,19108,0,0,0,0,0,0,6710,0,0,0,0,0,0,0,0,5016,1985
 OUTRAS FONTES PRIMÁRIAS ,1589,0,0,0,0,0,0,0,6,0,0,0,0,0,0,0,1168,1985
 ÓLEO DIESEL ,0,371,464,-1123,0,0,0,352,0,10,85,3006,11846,585,0,943,257,1985
 ÓLEO COMBUSTIVEL ,0,224,-460,-2220,0,0,0,1414,0,129,72,24,0,2,0,1683,5496,1985
 GASOLINA ,0,167,160,-3767,0,0,0,0,0,0,0,0,6043,0,56,0,0,1985
 GLP ,0,541,-285,-47,0,0,0,13,3778,138,19,0,0,0,0,0,157,1985
 NAFTA ,0,34,225,0,0,0,4019,0,0,0,0,0,0,0,0,0,0,1985
 QUEROSENE ,0,38,-381,-793,0,0,57,0,190,0,1,1,0,0,1801,0,83,1985
 GÁS DE CIDADE E DE COQUERIA ,0,0,0,0,-30,0,0,361,152,46,6,0,0,0,0,0,866,1985
 COQUE DE CARVÃO MINERAL ,0,67,-53,0,0,0,0,0,0,0,0,0,0,0,0,0,4941,1985
 URÂNIO CONTIDO NO UO2,0,0,916,0,0,0,0,0,0,0,0,0,0,0,0,0,0,1985
 ELETRICIDADE,0,165,0,0,0,0,0,535,2807,1589,1236,385,0,99,0,0,8276,1985
 CARVÃO VEGETAL ,0,0,0,0,0,0,0,0,858,68,6,9,0,0,0,0,5241,1985
 ÁLCOOL ETÍLICO ANIDRO E HIDRATADO ,0,0,-1010,-221,0,0,416,0,0,0,0,0,4235,0,0,0,0,1985
 OUTRAS SECUNDÁRIAS DE PETRÓLEO ,0,72,37,0,-369,0,199,1329,0,0,0,0,0,0,0,0,958,1985
 PRODUTOS NÃO ENERGÉTICOS DE PETRÓLEO ,0,138,383,-193,0,0,3370,0,0,0,0,0,0,0,0,0,0,1985
 ALCATRÃO ,0,0,0,0,0,0,215,0,0,0,0,0,0,0,0,0,57,1985
 PETRÓLEO ,23712,33387,-1543,0,0,0,0,0,0,0,0,0,0,0,0,0,0,1984
 GÁS NATURAL ,4866,0,0,0,-1657,-803,771,552,0,0,0,0,0,0,0,0,457,1984
 CARVÃO VAPOR ,2657,0,-391,0,0,0,0,0,0,0,0,0,0,24,0,0,1390,1984
 CARVÃO METALÚRGICO ,836,5604,-297,0,0,0,0,0,0,0,0,0,0,0,0,0,0,1984
 URÂNIO U3O8 ,1399,0,-1399,0,0,0,0,0,0,0,0,0,0,0,0,0,0,1984
 ENERGIA HIDRÁULICA ,14327,0,0,0,0,0,0,0,0,0,0,0,0,0,0,0,0,1984
 LENHA ,33340,0,0,0,0,0,0,0,11805,174,5,2800,0,3,0,0,6160,1984
 PRODUTOS DA CANA ,16793,0,0,0,0,0,0,5344,0,0,0,0,0,0,0,0,5400,1984
 OUTRAS FONTES PRIMÁRIAS ,1429,0,0,0,0,0,0,0,4,0,0,0,0,0,0,0,943,1984
 ÓLEO DIESEL ,0,2,35,-1384,0,0,0,301,0,9,95,2572,11486,565,0,833,266,1984
 ÓLEO COMBUSTIVEL ,0,130,-386,-2738,0,0,0,1423,0,102,65,26,0,2,0,1382,5506,1984
 GASOLINA ,0,63,-80,-3324,0,0,0,0,0,0,0,0,6140,0,60,0,0,1984
 GLP ,0,276,-114,-47,0,0,0,6,3460,132,15,0,0,0,0,0,160,1984
 NAFTA ,0,4,217,0,0,0,3231,11,0,0,0,0,0,0,0,0,2,1984
 QUEROSENE ,0,0,-172,-1222,0,0,66,17,202,0,1,1,0,0,1695,0,96,1984
 GÁS DE CIDADE E DE COQUERIA ,0,0,0,0,-30,0,0,291,143,45,5,0,0,0,0,0,799,1984
 COQUE DE CARVÃO MINERAL ,0,41,27,0,0,0,0,0,0,0,0,0,0,0,0,0,4440,1984
 URÂNIO CONTIDO NO UO2,0,0,857,0,0,0,0,0,0,0,0,0,0,0,0,0,0,1984
 ELETRICIDADE,0,1,0,-9,0,0,0,491,2660,1521,1165,330,0,96,0,0,7498,1984
 CARVÃO VEGETAL ,0,0,0,0,0,0,0,0,901,68,7,9,0,0,0,0,4917,1984
 ÁLCOOL ETÍLICO ANIDRO E HIDRATADO ,0,0,-295,-509,0,0,352,0,0,0,0,0,3443,0,0,0,0,1984
 OUTRAS SECUNDÁRIAS DE PETRÓLEO ,0,87,-4,0,-92,0,266,1468,0,0,0,0,0,0,0,0,909,1984
 PRODUTOS NÃO ENERGÉTICOS DE PETRÓLEO ,0,57,-110,-216,0,0,2618,0,0,0,0,0,0,0,0,0,0,1984
 ALCATRÃO ,0,0,0,0,0,0,219,0,0,0,0,0,0,0,0,0,56,1984
 PETRÓLEO ,16911,37389,-2117,-52,0,0,0,0,0,0,0,0,0,0,0,0,0,1983
 GÁS NATURAL ,3983,0,0,0,-1404,-675,705,430,0,0,0,0,0,0,0,0,395,1983
 CARVÃO VAPOR ,2355,0,-148,0,0,0,0,0,0,0,0,0,0,24,0,0,1461,1983
 CARVÃO METALÚRGICO ,751,4038,-259,0,0,0,0,0,0,0,0,0,0,0,0,0,0,1983
 URÂNIO U3O8 ,2312,0,-2312,0,0,0,0,0,0,0,0,0,0,0,0,0,0,1983
 ENERGIA HIDRÁULICA ,13027,0,0,0,0,0,0,0,0,0,0,0,0,0,0,0,0,1983
 LENHA ,30233,0,0,0,0,0,0,0,11585,174,6,3150,0,3,0,0,5291,1983
 PRODUTOS DA CANA ,15455,0,0,0,0,0,0,4455,0,0,0,0,0,0,0,0,5567,1983
 OUTRAS FONTES PRIMÁRIAS ,1197,0,0,0,0,0,0,0,2,0,0,0,0,0,0,0,844,1983
 ÓLEO DIESEL ,0,234,-14,-1005,0,0,0,372,0,28,69,2444,11025,555,0,817,279,1983
 ÓLEO COMBUSTIVEL ,0,400,285,-2591,0,0,0,1327,0,180,105,26,0,8,0,1334,6566,1983
 GASOLINA ,0,67,-21,-1611,0,0,0,0,0,0,0,0,6847,0,62,0,0,1983
 GLP ,0,541,-72,-50,0,0,0,12,3490,125,14,0,0,0,0,0,171,1983
 NAFTA ,0,4,132,0,0,0,3115,0,0,0,0,0,0,0,0,0,2,1983
 QUEROSENE ,0,0,19,-582,0,0,89,0,217,0,2,0,0,0,1915,0,109,1983
 GÁS DE CIDADE E DE COQUERIA ,0,0,0,0,-45,0,0,206,145,44,4,0,0,0,0,0,642,1983
 COQUE DE CARVÃO MINERAL ,0,154,-28,0,0,0,0,0,0,0,0,0,0,0,0,0,3378,1983
 URÂNIO CONTIDO NO UO2,0,0,0,0,0,0,0,0,0,0,0,0,0,0,0,0,0,1983
 ELETRICIDADE,0,0,0,-21,0,0,0,433,2557,1440,1103,277,0,91,0,0,6476,1983
 CARVÃO VEGETAL ,0,0,0,0,0,0,0,0,874,68,7,10,0,0,0,0,3765,1983
 ÁLCOOL ETÍLICO ANIDRO E HIDRATADO ,0,0,-677,-228,0,0,388,0,0,0,0,0,2677,0,0,0,0,1983
 OUTRAS SECUNDÁRIAS DE PETRÓLEO ,0,10,-31,0,-175,0,134,1400,0,0,0,0,0,0,0,0,764,1983
 PRODUTOS NÃO ENERGÉTICOS DE PETRÓLEO ,0,90,63,-186,0,0,2506,0,0,0,0,0,0,0,0,0,0,1983
 ALCATRÃO ,0,0,0,0,0,0,169,0,0,0,0,0,0,0,0,0,50,1983
 PETRÓLEO ,13338,40944,388,-1133,0,0,0,0,0,0,0,0,0,0,0,0,0,1982
 GÁS NATURAL ,3008,0,0,0,-980,-628,424,344,0,0,0,0,0,0,0,0,363,1982
 CARVÃO VAPOR ,2194,0,59,0,0,0,0,0,0,0,0,0,0,20,0,0,1282,1982
 CARVÃO METALÚRGICO ,731,3033,0,0,0,0,0,0,0,0,0,0,0,0,0,0,0,1982
 URÂNIO U3O8 ,2900,0,-1724,0,0,0,0,0,0,0,0,0,0,0,0,0,0,1982
 ENERGIA HIDRÁULICA ,12137,0,0,0,0,0,0,0,0,0,0,0,0,0,0,0,0,1982
 LENHA ,29109,0,0,0,0,0,0,0,12543,170,6,3200,0,3,0,0,4288,1982
 PRODUTOS DA CANA ,12140,0,0,0,0,0,0,3092,0,0,0,0,0,0,0,0,5230,1982
 OUTRAS FONTES PRIMÁRIAS ,1170,0,0,0,0,0,0,0,1,0,0,0,0,0,0,0,810,1982
 ÓLEO DIESEL ,0,207,483,-1276,0,0,0,313,0,22,66,2257,11515,552,0,869,324,1982
 ÓLEO COMBUSTIVEL ,0,2067,-748,-2191,0,0,0,1441,0,226,106,67,0,7,0,1406,8845,1982
 GASOLINA ,0,67,-139,-1205,0,0,0,0,0,0,0,0,8014,0,70,0,0,1982
 GLP ,0,853,-267,-36,0,0,0,14,3354,116,14,0,0,0,0,0,166,1982
 NAFTA ,0,1,-13,0,0,0,2361,0,0,0,0,0,0,0,0,0,2,1982
 QUEROSENE ,0,0,-88,-639,0,0,97,0,245,0,2,1,0,0,1912,0,161,1982
 GÁS DE CIDADE E DE COQUERIA ,0,0,0,0,-42,0,0,163,139,40,4,0,0,0,0,0,555,1982
 COQUE DE CARVÃO MINERAL ,0,80,7,0,0,0,0,0,0,0,0,0,0,0,0,0,2860,1982
 URÂNIO CONTIDO NO UO2,0,3481,-4641,0,0,0,0,0,0,0,0,0,0,0,0,0,0,1982
 ELETRICIDADE,0,0,0,-32,0,0,0,423,2328,1332,1026,237,0,86,0,0,6055,1982
 CARVÃO VEGETAL ,0,0,0,0,0,0,0,0,847,68,4,10,0,0,0,0,3228,1982
 ÁLCOOL ETÍLICO ANIDRO E HIDRATADO ,0,0,-554,-176,0,0,201,0,0,0,0,0,1932,0,0,0,0,1982
 OUTRAS SECUNDÁRIAS DE PETRÓLEO ,0,287,-238,-19,-49,0,152,1196,0,0,0,0,0,0,0,0,746,1982
 PRODUTOS NÃO ENERGÉTICOS DE PETRÓLEO ,0,98,247,-117,0,0,2935,0,0,0,0,0,0,0,0,0,0,1982
 ALCATRÃO ,0,0,0,0,0,0,139,0,0,0,0,0,0,0,0,0,40,1982
 PETRÓLEO ,10928,43263,555,-755,0,0,0,0,0,0,0,0,0,0,0,0,0,1981
 GÁS NATURAL ,2457,0,0,0,-804,-609,283,173,0,0,0,0,0,0,0,0,335,1981
 CARVÃO VAPOR ,1922,0,-114,0,0,0,0,0,0,0,0,0,0,20,0,0,844,1981
 CARVÃO METALÚRGICO ,726,3154,78,0,0,0,0,0,0,0,0,0,0,0,0,0,0,1981
 URÂNIO U3O8 ,0,0,0,0,0,0,0,0,0,0,0,0,0,0,0,0,0,1981
 ENERGIA HIDRÁULICA ,11246,0,0,0,0,0,0,0,0,0,0,0,0,0,0,0,0,1981
 LENHA ,30415,0,0,0,0,0,0,0,14367,174,6,3243,0,3,0,0,3854,1981
 PRODUTOS DA CANA ,10196,0,0,0,0,0,0,2251,0,0,0,0,0,0,0,0,5097,1981
 OUTRAS FONTES PRIMÁRIAS ,1094,0,0,0,0,0,0,0,0,0,0,0,0,0,0,0,765,1981
 ÓLEO DIESEL ,0,783,-173,-597,0,0,0,236,0,23,66,2155,11280,567,0,678,443,1981
 ÓLEO COMBUSTIVEL ,0,186,-109,-1600,0,0,0,1546,0,237,95,100,0,7,0,1370,9681,1981
 GASOLINA ,0,69,317,-1122,0,0,0,0,0,0,0,0,8413,0,70,0,0,1981
 GLP ,0,143,-168,-47,0,0,0,17,2954,109,14,0,0,0,0,0,174,1981
 NAFTA ,0,0,-216,-7,0,0,1897,0,0,0,0,0,0,0,0,0,46,1981
 QUEROSENE ,0,0,-125,-573,0,0,85,0,265,0,2,2,0,0,1878,0,137,1981
 GÁS DE CIDADE E DE COQUERIA ,0,0,0,0,-67,0,0,141,134,37,4,0,0,0,0,0,491,1981
 COQUE DE CARVÃO MINERAL ,0,191,-183,0,0,0,0,0,0,0,0,0,0,0,0,0,2662,1981
 URÂNIO CONTIDO NO UO2,0,0,0,0,0,0,0,0,0,0,0,0,0,0,0,0,0,1981
 ELETRICIDADE,0,0,0,-22,0,0,0,390,2154,1246,955,214,0,76,0,0,5820,1981
 CARVÃO VEGETAL ,0,0,0,0,0,0,0,0,848,66,4,10,0,0,0,0,3129,1981
 ÁLCOOL ETÍLICO ANIDRO E HIDRATADO ,0,0,-472,-81,0,0,211,0,0,0,0,0,1321,0,0,0,0,1981
 OUTRAS SECUNDÁRIAS DE PETRÓLEO ,0,61,-327,0,-62,0,37,1189,0,0,0,0,0,0,0,0,677,1981
 PRODUTOS NÃO ENERGÉTICOS DE PETRÓLEO ,0,98,413,-91,0,0,2719,0,0,0,0,0,0,0,0,0,0,1981
 ALCATRÃO ,0,0,0,0,0,0,108,0,0,0,0,0,0,0,0,0,55,1981
 PETRÓLEO ,9256,44311,2122,-61,0,0,0,0,0,0,0,0,0,0,0,0,0,1980
 GÁS NATURAL ,2189,0,0,0,-602,-496,398,165,0,0,0,0,0,0,0,0,319,1980
 CARVÃO VAPOR ,1493,0,-291,0,0,0,0,0,0,0,0,0,0,22,0,0,491,1980
 CARVÃO METALÚRGICO ,991,3340,58,0,0,0,0,0,0,0,0,0,0,0,0,0,0,1980
 URÂNIO U3O8 ,0,0,0,0,0,0,0,0,0,0,0,0,0,0,0,0,0,1980
 ENERGIA HIDRÁULICA ,11086,0,0,0,0,0,0,0,0,0,0,0,0,0,0,0,0,1980
 LENHA ,31083,0,0,0,0,0,0,0,14974,155,6,3232,0,3,0,0,3493,1980
 PRODUTOS DA CANA ,9301,0,0,0,0,0,0,2013,0,0,0,0,0,0,0,0,4799,1980
 OUTRAS FONTES PRIMÁRIAS ,1010,0,0,0,0,0,0,0,0,0,0,0,0,0,0,0,738,1980
 ÓLEO DIESEL ,0,581,-698,-545,0,0,0,247,0,24,144,2218,11401,583,0,703,381,1980
 ÓLEO COMBUSTIVEL ,0,1133,330,-685,0,0,0,1785,0,227,91,116,0,10,0,978,13003,1980
 GASOLINA ,0,80,151,-276,0,0,0,0,0,0,0,0,8788,0,72,0,0,1980
 GLP ,0,144,-230,-35,0,0,0,0,2728,103,16,0,0,0,0,0,197,1980
 NAFTA ,0,1,-207,0,0,0,1530,0,0,0,0,0,0,0,0,0,33,1980
 QUEROSENE ,0,0,-227,-308,0,0,89,0,296,0,2,2,0,0,1663,0,138,1980
 GÁS DE CIDADE E DE COQUERIA ,0,0,0,0,-40,0,0,167,128,34,4,0,0,0,0,0,563,1980
 COQUE DE CARVÃO MINERAL ,0,363,-52,0,0,0,0,0,0,0,0,0,0,0,0,0,3197,1980
 URÂNIO CONTIDO NO UO2,0,0,0,0,0,0,0,0,0,0,0,0,0,0,0,0,0,1980
 ELETRICIDADE,0,0,0,-18,0,0,0,359,2001,1187,893,175,0,71,0,0,5867,1980
 CARVÃO VEGETAL ,0,0,0,0,0,0,0,0,830,65,4,10,0,0,0,0,3362,1980
 ÁLCOOL ETÍLICO ANIDRO E HIDRATADO ,0,0,24,-196,0,0,252,0,0,0,0,0,1422,0,0,0,0,1980
 OUTRAS SECUNDÁRIAS DE PETRÓLEO ,0,123,28,0,-34,0,71,1138,0,0,0,0,0,0,0,0,853,1980
 PRODUTOS NÃO ENERGÉTICOS DE PETRÓLEO ,0,237,267,-40,0,0,3182,0,0,0,0,0,0,0,0,0,0,1980
 ALCATRÃO ,0,0,0,0,0,0,120,0,0,0,0,0,0,0,0,0,58,1980
 PETRÓLEO ,8419,51000,-2504,0,0,0,0,0,0,0,0,0,0,0,0,0,0,1979
 GÁS NATURAL ,1885,0,0,0,-530,-384,340,142,0,0,0,0,0,0,0,0,274,1979
 CARVÃO VAPOR ,1404,0,-287,0,0,0,0,0,0,0,0,0,0,19,0,0,292,1979
 CARVÃO METALÚRGICO ,923,3146,-41,0,0,0,0,0,0,0,0,0,0,0,0,0,0,1979
 URÂNIO U3O8 ,0,0,0,0,0,0,0,0,0,0,0,0,0,0,0,0,0,1979
 ENERGIA HIDRÁULICA ,10026,0,0,0,0,0,0,0,0,0,0,0,0,0,0,0,0,1979
 LENHA ,30375,0,0,0,0,0,0,0,15333,161,6,3409,0,3,0,2,3322,1979
 PRODUTOS DA CANA ,8254,0,0,0,0,0,0,2035,0,0,0,0,0,0,0,0,4229,1979
 OUTRAS FONTES PRIMÁRIAS ,822,0,0,0,0,0,0,0,0,0,0,0,0,0,0,0,623,1979
 ÓLEO DIESEL ,0,141,47,-346,0,0,0,225,0,27,99,1886,10902,566,0,689,405,1979
 ÓLEO COMBUSTIVEL ,0,227,856,-426,0,0,0,1784,0,204,82,120,0,13,0,1364,13226,1979
 GASOLINA ,0,126,-212,-366,0,0,0,0,0,0,0,0,10397,0,81,0,0,1979
 GLP ,0,85,-95,-71,0,0,0,0,2543,93,16,0,0,0,0,0,194,1979
 NAFTA ,0,1,-236,0,0,0,1700,0,0,0,0,0,0,0,0,0,30,1979
 QUEROSENE ,0,0,-85,-199,0,0,115,0,370,0,2,2,0,0,1679,0,180,1979
 GÁS DE CIDADE E DE COQUERIA ,0,0,0,0,-34,0,0,168,130,33,3,0,0,0,0,0,539,1979
 COQUE DE CARVÃO MINERAL ,0,226,40,0,0,0,0,0,0,0,0,0,0,0,0,0,3060,1979
 URÂNIO CONTIDO NO UO2,0,0,0,0,0,0,0,0,0,0,0,0,0,0,0,0,0,1979
 ELETRICIDADE,0,7,0,-13,0,0,0,339,1808,1080,814,137,0,63,0,0,5305,1979
 CARVÃO VEGETAL ,0,0,0,0,0,0,0,0,802,61,3,12,0,0,0,0,2813,1979
 ÁLCOOL ETÍLICO ANIDRO E HIDRATADO ,0,0,-22,-62,0,0,174,0,0,0,0,0,1193,0,0,0,0,1979
 OUTRAS SECUNDÁRIAS DE PETRÓLEO ,0,135,4,0,-58,0,0,1224,0,0,0,0,0,0,0,0,772,1979
 PRODUTOS NÃO ENERGÉTICOS DE PETRÓLEO ,0,280,-112,0,0,0,3787,0,0,0,0,0,0,0,0,0,0,1979
 ALCATRÃO ,0,0,0,0,0,0,91,0,0,0,0,0,0,0,0,0,55,1979
 PETRÓLEO ,8154,45811,973,-246,0,0,0,0,0,0,0,0,0,0,0,0,0,1978
 GÁS NATURAL ,1919,0,0,0,-469,-524,293,137,0,0,0,0,0,0,0,0,259,1978
 CARVÃO VAPOR ,1250,0,-68,0,0,0,0,0,0,0,0,0,0,19,0,0,150,1978
 CARVÃO METALÚRGICO ,845,2624,15,0,0,0,0,0,0,0,0,0,0,0,0,0,0,1978
 URÂNIO U3O8 ,0,0,0,0,0,0,0,0,0,0,0,0,0,0,0,0,0,1978
 ENERGIA HIDRÁULICA ,8836,0,0,0,0,0,0,0,0,0,0,0,0,0,0,0,0,1978
 LENHA ,29794,0,0,0,0,0,0,0,15648,164,7,3595,0,3,0,2,3460,1978
 PRODUTOS DA CANA ,7322,0,0,0,0,0,0,1236,0,0,0,0,0,0,0,0,4520,1978
 OUTRAS FONTES PRIMÁRIAS ,561,0,0,0,0,0,0,0,0,0,0,0,0,0,0,0,434,1978
 ÓLEO DIESEL ,0,74,-315,-552,0,0,0,159,0,32,98,1535,10326,516,0,590,417,1978
 ÓLEO COMBUSTIVEL ,0,165,454,-510,0,0,0,1721,0,184,74,116,0,16,0,1175,12729,1978
 GASOLINA ,0,73,-30,-815,0,0,0,0,0,0,0,0,10453,0,78,0,0,1978
 GLP ,0,71,-174,-47,0,0,0,0,2299,83,14,0,0,0,0,0,182,1978
 NAFTA ,0,0,-167,0,0,0,1597,0,0,0,0,0,0,0,0,0,45,1978
 QUEROSENE ,0,5,-74,-212,0,0,90,0,365,0,4,2,0,0,1459,0,156,1978
 GÁS DE CIDADE E DE COQUERIA ,0,0,0,0,-26,0,0,175,127,30,3,0,0,0,0,0,466,1978
 COQUE DE CARVÃO MINERAL ,0,331,-16,0,0,0,0,0,0,0,0,0,0,0,0,0,2675,1978
 URÂNIO CONTIDO NO UO2,0,0,0,0,0,0,0,0,0,0,0,0,0,0,0,0,0,1978
 ELETRICIDADE,0,5,0,-16,0,0,0,306,1629,979,745,115,0,58,0,0,4685,1978
 CARVÃO VEGETAL ,0,0,0,0,0,0,0,0,753,60,3,12,0,0,0,0,2308,1978
 ÁLCOOL ETÍLICO ANIDRO E HIDRATADO ,0,0,-161,-12,0,0,190,0,0,0,0,0,804,0,0,0,0,1978
 OUTRAS SECUNDÁRIAS DE PETRÓLEO ,0,120,-4,0,-103,0,0,1140,0,0,0,0,0,0,0,0,499,1978
 PRODUTOS NÃO ENERGÉTICOS DE PETRÓLEO ,0,332,349,0,0,0,2976,0,0,0,0,0,0,0,0,0,0,1978
 ALCATRÃO ,0,0,0,0,0,0,103,0,0,0,0,0,0,0,0,0,32,1978
 PETRÓLEO ,8177,41477,780,-1378,0,0,0,0,0,0,0,0,0,0,0,0,0,1977
 GÁS NATURAL ,1795,0,0,0,-378,-653,108,141,0,0,0,0,0,0,0,0,274,1977
 CARVÃO VAPOR ,1095,0,-324,0,0,0,0,0,0,0,0,0,0,16,0,0,129,1977
 CARVÃO METALÚRGICO ,769,2829,-118,0,0,0,0,0,0,0,0,0,0,0,0,0,0,1977
 URÂNIO U3O8 ,0,0,0,0,0,0,0,0,0,0,0,0,0,0,0,0,0,1977
 ENERGIA HIDRÁULICA ,8039,0,0,0,0,0,0,0,0,0,0,0,0,0,0,0,0,1977
 LENHA ,30822,0,0,0,0,0,0,0,16635,167,8,3780,0,3,0,2,3474,1977
 PRODUTOS DA CANA ,6539,0,0,0,0,0,0,564,0,0,0,0,0,0,0,0,4984,1977
 OUTRAS FONTES PRIMÁRIAS ,470,0,0,0,0,0,0,0,0,0,0,0,0,0,0,0,363,1977
 ÓLEO DIESEL ,0,65,-173,-456,0,0,0,152,0,37,81,1511,9316,514,0,526,406,1977
 ÓLEO COMBUSTIVEL ,0,537,336,-601,0,0,0,1712,0,171,69,106,0,16,0,941,11776,1977
 GASOLINA ,0,74,81,-261,0,0,0,0,0,0,0,0,10241,0,74,0,0,1977
 GLP ,0,191,-93,-17,0,0,0,0,2077,78,11,0,0,0,0,0,161,1977
 NAFTA ,0,0,-94,0,0,0,1186,0,0,0,0,0,0,0,0,0,36,1977
 QUEROSENE ,0,0,11,-54,0,0,66,0,379,0,4,1,0,0,1424,0,143,1977
 GÁS DE CIDADE E DE COQUERIA ,0,0,0,0,-32,0,0,163,124,29,3,0,0,0,0,0,440,1977
 COQUE DE CARVÃO MINERAL ,0,101,-21,0,0,0,0,0,0,0,0,0,0,0,0,0,2475,1977
 URÂNIO CONTIDO NO UO2,0,0,0,0,0,0,0,0,0,0,0,0,0,0,0,0,0,1977
 ELETRICIDADE,0,2,0,-12,0,0,0,275,1473,906,689,90,0,58,0,0,4149,1977
 CARVÃO VEGETAL ,0,0,0,0,0,0,0,0,726,56,3,12,0,0,0,0,2266,1977
 ÁLCOOL ETÍLICO ANIDRO E HIDRATADO ,0,0,-180,-2,0,0,212,0,0,0,0,0,341,0,0,0,0,1977
 OUTRAS SECUNDÁRIAS DE PETRÓLEO ,0,0,66,0,-113,0,0,896,0,0,0,0,0,0,0,0,358,1977
 PRODUTOS NÃO ENERGÉTICOS DE PETRÓLEO ,0,307,19,0,0,0,2457,0,0,0,0,0,0,0,0,0,0,1977
 ALCATRÃO ,0,0,0,0,0,0,45,0,0,0,0,0,0,0,0,0,68,1977
 PETRÓLEO ,8473,41767,428,-2913,0,0,0,0,0,0,0,0,0,0,0,0,0,1976
 GÁS NATURAL ,1630,0,0,0,-388,-605,130,128,0,0,0,0,0,0,0,0,161,1976
 CARVÃO VAPOR ,951,0,-416,0,0,0,0,0,0,0,0,0,0,13,0,0,79,1976
 CARVÃO METALÚRGICO ,643,2192,121,0,0,0,0,0,0,0,0,0,0,0,0,0,0,1976
 URÂNIO U3O8 ,0,0,0,0,0,0,0,0,0,0,0,0,0,0,0,0,0,1976
 ENERGIA HIDRÁULICA ,7131,0,0,0,0,0,0,0,0,0,0,0,0,0,0,0,0,1976
 LENHA ,31882,0,0,0,0,0,0,0,17457,170,9,3904,0,3,0,3,3694,1976
 PRODUTOS DA CANA ,4748,0,0,0,0,0,0,116,0,0,0,0,0,0,0,0,4144,1976
 OUTRAS FONTES PRIMÁRIAS ,412,0,0,0,0,0,0,0,0,0,0,0,0,0,0,0,304,1976
 ÓLEO DIESEL ,0,153,-103,-265,0,0,0,144,0,41,120,1330,8535,526,0,565,404,1976
 ÓLEO COMBUSTIVEL ,0,766,254,-639,0,0,0,1644,0,161,64,104,0,31,0,1319,11257,1976
 GASOLINA ,0,83,-307,-10,0,0,0,0,0,0,0,0,11269,0,79,0,0,1976
 GLP ,0,152,-129,-11,0,0,0,0,2001,74,7,0,0,0,0,0,127,1976
 NAFTA ,0,0,-153,0,0,0,1073,0,0,0,0,0,0,0,0,0,16,1976
 QUEROSENE ,0,0,-55,-8,0,0,49,0,380,0,7,1,0,0,1389,0,123,1976
 GÁS DE CIDADE E DE COQUERIA ,0,0,0,0,-40,0,0,159,128,27,3,0,0,0,0,0,348,1976
 COQUE DE CARVÃO MINERAL ,0,85,-161,0,0,0,0,0,0,0,0,0,0,0,0,0,1873,1976
 URÂNIO CONTIDO NO UO2,0,0,0,0,0,0,0,0,0,0,0,0,0,0,0,0,0,1976
 ELETRICIDADE,0,6,0,-2,0,0,0,265,1279,852,617,75,0,59,0,0,3671,1976
 CARVÃO VEGETAL ,0,0,0,0,0,0,0,0,691,52,3,13,0,0,0,0,2255,1976
 ÁLCOOL ETÍLICO ANIDRO E HIDRATADO ,0,0,-36,-17,0,0,162,0,0,0,0,0,92,0,0,0,0,1976
 OUTRAS SECUNDÁRIAS DE PETRÓLEO ,0,0,19,0,-83,0,0,909,0,0,0,0,0,0,0,0,239,1976
 PRODUTOS NÃO ENERGÉTICOS DE PETRÓLEO ,0,378,167,0,0,0,2268,0,0,0,0,0,0,0,0,0,0,1976
 ALCATRÃO ,0,0,0,0,0,0,75,0,0,0,0,0,0,0,0,0,26,1976
 PETRÓLEO ,8727,36528,899,-1102,0,0,0,0,0,0,0,0,0,0,0,0,0,1975
 GÁS NATURAL ,1613,0,0,0,-371,-671,81,131,0,0,0,0,0,0,0,0,152,1975
 CARVÃO VAPOR ,743,0,-166,0,0,0,0,0,0,0,0,0,0,10,0,0,93,1975
 CARVÃO METALÚRGICO ,558,2066,-144,0,0,0,0,0,0,0,0,0,0,0,0,0,0,1975
 URÂNIO U3O8 ,0,0,0,0,0,0,0,0,0,0,0,0,0,0,0,0,0,1975
 ENERGIA HIDRÁULICA ,6217,0,0,0,0,0,0,0,0,0,0,0,0,0,0,0,0,1975
 LENHA ,33154,0,0,0,0,0,0,0,17939,174,9,4028,0,7,0,3,3678,1975
 PRODUTOS DA CANA ,4180,0,0,0,0,0,0,139,0,0,0,0,0,0,0,0,3581,1975
 OUTRAS FONTES PRIMÁRIAS ,363,0,0,0,0,0,0,0,0,0,0,0,0,0,0,0,269,1975
 ÓLEO DIESEL ,0,86,122,-567,0,0,0,140,0,45,124,1151,7250,505,0,510,358,1975
 ÓLEO COMBUSTIVEL ,0,23,205,-934,0,0,0,1521,0,143,57,91,0,28,0,1212,9637,1975
 GASOLINA ,0,66,-34,-187,0,0,0,0,0,0,0,0,11189,0,79,0,0,1975
 GLP ,0,34,-64,-63,0,0,0,0,1821,67,7,0,0,0,0,0,120,1975
 NAFTA ,0,0,-142,0,0,0,971,0,0,0,0,0,0,0,0,0,52,1975
 QUEROSENE ,0,0,-109,-34,0,0,33,0,381,0,7,0,0,0,1248,0,98,1975
 GÁS DE CIDADE E DE COQUERIA ,0,0,0,0,-31,0,0,123,124,25,3,0,0,0,0,0,273,1975
 COQUE DE CARVÃO MINERAL ,0,120,24,0,0,0,0,0,0,0,0,0,0,0,0,0,1602,1975
 URÂNIO CONTIDO NO UO2,0,0,0,0,0,0,0,0,0,0,0,0,0,0,0,0,0,1975
 ELETRICIDADE,0,7,0,-2,0,0,0,224,1136,773,578,65,0,54,0,0,3178,1975
 CARVÃO VEGETAL ,0,0,0,0,0,0,0,0,647,48,0,14,0,0,0,0,2611,1975
 ÁLCOOL ETÍLICO ANIDRO E HIDRATADO ,0,0,14,-33,0,0,190,0,0,0,0,0,86,0,0,0,0,1975
 OUTRAS SECUNDÁRIAS DE PETRÓLEO ,0,0,-46,0,-258,0,0,875,0,0,0,0,0,0,0,0,98,1975
 PRODUTOS NÃO ENERGÉTICOS DE PETRÓLEO ,0,313,260,-7,0,0,2119,0,0,0,0,0,0,0,0,0,0,1975
 ALCATRÃO ,0,0,0,0,0,0,65,0,0,0,0,0,0,0,0,0,22,1975
 PETRÓLEO ,8969,35077,-1893,-674,0,0,0,0,0,0,0,0,0,0,0,0,0,1974
 GÁS NATURAL ,1477,0,0,0,-387,-577,71,121,0,0,0,0,0,0,0,0,143,1974
 CARVÃO VAPOR ,830,0,-257,0,0,0,0,0,0,0,0,0,0,8,0,0,91,1974
 CARVÃO METALÚRGICO ,730,1291,-42,0,0,0,0,0,0,0,0,0,0,0,0,0,0,1974
 URÂNIO U3O8 ,0,0,0,0,0,0,0,0,0,0,0,0,0,0,0,0,0,1974
 ENERGIA HIDRÁULICA ,5648,0,0,0,0,0,0,0,0,0,0,0,0,0,0,0,0,1974
 LENHA ,32599,0,0,0,0,0,0,0,18377,177,10,4183,0,16,0,4,3712,1974
 PRODUTOS DA CANA ,4619,0,0,0,0,0,0,125,0,0,0,0,0,0,0,0,4025,1974
 OUTRAS FONTES PRIMÁRIAS ,349,0,0,0,0,0,0,0,0,0,0,0,0,0,0,0,254,1974
 ÓLEO DIESEL ,0,60,380,-886,0,0,0,125,0,51,104,1036,6305,486,0,580,339,1974
 ÓLEO COMBUSTIVEL ,0,69,1001,-1613,0,0,0,1409,0,129,52,86,0,29,0,1119,9125,1974
 GASOLINA ,0,619,-124,-15,0,0,0,0,0,0,0,0,10938,0,91,0,0,1974
 GLP ,0,243,-60,-41,0,0,0,0,1775,60,6,0,0,0,0,0,85,1974
 NAFTA ,0,0,-84,-75,0,0,1002,0,0,0,0,0,0,0,0,0,52,1974
 QUEROSENE ,0,0,69,-158,0,0,23,0,404,0,8,0,0,0,1157,0,90,1974
 GÁS DE CIDADE E DE COQUERIA ,0,0,0,0,-25,0,0,99,116,23,3,0,0,0,0,0,221,1974
 COQUE DE CARVÃO MINERAL ,0,143,-2,0,0,0,0,0,0,0,0,0,0,0,0,0,1309,1974
 URÂNIO CONTIDO NO UO2,0,0,0,0,0,0,0,0,0,0,0,0,0,0,0,0,0,1974
 ELETRICIDADE,0,5,0,-2,0,0,0,212,1034,698,511,56,0,52,0,0,2884,1974
 CARVÃO VEGETAL ,0,0,0,0,0,0,0,0,611,44,0,15,0,0,0,0,2107,1974
 ÁLCOOL ETÍLICO ANIDRO E HIDRATADO ,0,0,5,-30,0,0,186,0,0,0,0,0,101,0,0,0,0,1974
 OUTRAS SECUNDÁRIAS DE PETRÓLEO ,0,0,-39,0,-46,0,0,887,0,0,0,0,0,0,0,0,91,1974
 PRODUTOS NÃO ENERGÉTICOS DE PETRÓLEO ,0,529,105,0,0,0,2002,0,0,0,0,0,0,0,0,0,0,1974
 ALCATRÃO ,0,0,0,0,0,0,52,0,0,0,0,0,0,0,0,0,18,1974
 PETRÓLEO ,8453,35000,-3821,-854,0,0,0,0,0,0,0,0,0,0,0,0,0,1973
 GÁS NATURAL ,1171,0,0,0,-427,-406,68,86,0,0,0,0,0,0,0,0,20,1973
 CARVÃO VAPOR ,600,0,-37,0,0,0,0,0,0,0,0,0,0,2,0,0,73,1973
 CARVÃO METALÚRGICO ,529,1317,38,0,0,0,0,0,0,0,0,0,0,0,0,0,0,1973
 URÂNIO U3O8 ,0,0,0,0,0,0,0,0,0,0,0,0,0,0,0,0,0,1973
 ENERGIA HIDRÁULICA ,4979,0,0,0,0,0,0,0,0,0,0,0,0,0,0,0,0,1973
 LENHA ,31897,0,0,0,0,0,0,0,18593,180,12,4369,0,24,0,7,3802,1973
 PRODUTOS DA CANA ,4644,0,0,0,0,0,0,130,0,0,0,0,0,0,0,0,4030,1973
 OUTRAS FONTES PRIMÁRIAS ,311,0,0,0,0,0,0,0,0,0,0,0,0,0,0,0,222,1973
 ÓLEO DIESEL ,0,214,-140,-496,0,0,0,113,0,55,115,936,5770,415,0,397,339,1973
 ÓLEO COMBUSTIVEL ,0,339,302,-1928,0,0,0,1335,0,115,46,74,0,29,0,589,8327,1973
 GASOLINA ,0,320,69,-22,0,0,0,0,0,0,0,0,10541,0,104,0,0,1973
 GLP ,0,182,-61,-24,0,0,0,0,1678,53,5,0,0,0,0,0,72,1973
 NAFTA ,0,0,137,-79,0,0,880,0,0,0,0,0,0,0,0,0,52,1973
 QUEROSENE ,0,46,-56,-97,0,0,16,0,466,0,15,0,0,0,992,0,78,1973
 GÁS DE CIDADE E DE COQUERIA ,0,0,0,0,-26,0,0,103,110,20,3,0,0,0,0,0,223,1973
 COQUE DE CARVÃO MINERAL ,0,96,-5,0,0,0,0,0,0,0,0,0,0,0,0,0,1283,1973
 URÂNIO CONTIDO NO UO2,0,0,0,0,0,0,0,0,0,0,0,0,0,0,0,0,0,1973
 ELETRICIDADE,0,1,0,-2,0,0,0,220,941,622,459,45,0,52,0,0,2538,1973
 CARVÃO VEGETAL ,0,0,0,0,0,0,0,0,566,39,0,17,0,0,0,0,1605,1973
 ÁLCOOL ETÍLICO ANIDRO E HIDRATADO ,0,0,14,-39,0,0,143,0,0,0,0,0,165,0,0,0,0,1973
 OUTRAS SECUNDÁRIAS DE PETRÓLEO ,0,0,42,0,-314,0,0,538,0,0,0,0,0,0,0,0,81,1973
 PRODUTOS NÃO ENERGÉTICOS DE PETRÓLEO ,0,471,-203,-1,0,0,1239,0,0,0,0,0,0,0,0,0,0,1973
 ALCATRÃO ,0,0,0,0,0,0,55,0,0,0,0,0,0,0,0,0,19,1973
 PETRÓLEO ,8313,25706,-495,-1051,0,0,0,0,0,0,0,0,0,0,0,0,0,1972
 GÁS NATURAL ,1232,0,0,0,-563,-374,45,88,0,0,0,0,0,0,0,0,19,1972
 CARVÃO VAPOR ,657,0,-11,0,0,0,0,0,0,0,0,0,0,11,0,0,83,1972
 CARVÃO METALÚRGICO ,537,1374,-84,0,0,0,0,0,0,0,0,0,0,0,0,0,0,1972
 URÂNIO U3O8 ,0,0,0,0,0,0,0,0,0,0,0,0,0,0,0,0,0,1972
 ENERGIA HIDRÁULICA ,4359,0,0,0,0,0,0,0,0,0,0,0,0,0,0,0,0,1972
 LENHA ,32143,0,0,0,0,0,0,0,18998,186,14,4524,0,26,0,8,3760,1972
 PRODUTOS DA CANA ,4298,0,0,0,0,0,0,74,0,0,0,0,0,0,0,0,3716,1972
 OUTRAS FONTES PRIMÁRIAS ,301,0,0,0,0,0,0,0,0,0,0,0,0,0,0,0,207,1972
 ÓLEO DIESEL ,0,0,-267,-350,0,0,0,59,0,58,94,712,4864,368,0,343,330,1972
 ÓLEO COMBUSTIVEL ,0,80,-392,-1143,0,0,0,1099,0,101,41,46,0,36,0,452,6765,1972
 GASOLINA ,0,136,-91,-25,0,0,0,0,0,0,0,0,8988,0,88,0,0,1972
 GLP ,0,458,-106,-14,0,0,0,0,1527,47,4,0,0,0,0,0,53,1972
 NAFTA ,0,0,263,0,0,0,521,0,0,0,0,0,0,0,0,0,55,1972
 QUEROSENE ,0,25,6,-65,0,0,12,0,428,0,15,0,0,0,840,0,64,1972
 GÁS DE CIDADE E DE COQUERIA ,0,0,0,0,-32,0,0,90,106,18,3,0,0,0,0,0,199,1972
 COQUE DE CARVÃO MINERAL ,0,127,-17,0,0,0,0,7,0,0,0,0,0,0,0,0,1248,1972
 URÂNIO CONTIDO NO UO2,0,0,0,0,0,0,0,0,0,0,0,0,0,0,0,0,0,1972
 ELETRICIDADE,0,0,0,-2,0,0,0,210,854,550,405,39,0,53,0,0,2176,1972
 CARVÃO VEGETAL ,0,0,0,0,0,0,0,0,528,36,0,18,0,0,0,0,1517,1972
 ÁLCOOL ETÍLICO ANIDRO E HIDRATADO ,0,0,21,-2,0,0,161,0,0,0,0,0,209,0,0,0,0,1972
 OUTRAS SECUNDÁRIAS DE PETRÓLEO ,0,0,58,0,0,0,0,431,0,0,0,0,0,0,0,0,71,1972
 PRODUTOS NÃO ENERGÉTICOS DE PETRÓLEO ,0,471,-203,-1,0,0,1239,0,0,0,0,0,0,0,0,0,0,1972
 ALCATRÃO ,0,0,0,0,0,0,50,0,0,0,0,0,0,0,0,0,19,1972
 PETRÓLEO ,8521,20435,-967,-766,0,0,0,0,0,0,0,0,0,0,0,0,0,1971
 GÁS NATURAL ,1169,0,0,0,-635,-271,18,82,0,0,0,0,0,0,0,0,11,1971
 CARVÃO VAPOR ,654,0,-41,0,0,0,0,0,0,0,0,0,0,16,0,0,77,1971
 CARVÃO METALÚRGICO ,533,1237,73,0,0,0,0,0,0,0,0,0,0,0,0,0,0,1971
 URÂNIO U3O8 ,0,0,0,0,0,0,0,0,0,0,0,0,0,0,0,0,0,1971
 ENERGIA HIDRÁULICA ,3715,0,0,0,0,0,0,0,0,0,0,0,0,0,0,0,0,1971
 LENHA ,31807,0,0,0,0,0,0,0,19058,186,15,4710,0,29,0,9,3807,1971
 PRODUTOS DA CANA ,3842,0,0,0,0,0,0,84,0,0,0,0,0,0,0,0,3289,1971
 OUTRAS FONTES PRIMÁRIAS ,233,0,0,0,0,0,0,0,0,0,0,0,0,0,0,0,153,1971
 ÓLEO DIESEL ,0,192,15,-135,0,0,0,53,0,60,69,532,4269,351,0,300,334,1971
 ÓLEO COMBUSTIVEL ,0,411,-211,-314,0,0,0,933,0,90,36,23,0,47,0,369,6241,1971
 GASOLINA ,0,90,108,-1,0,0,0,0,0,0,0,0,8021,0,82,0,0,1971
 GLP ,0,431,-104,0,0,0,0,0,1393,31,3,0,0,0,0,0,48,1971
 NAFTA ,0,0,62,0,0,0,14,0,0,0,0,0,0,0,0,0,0,1971
 QUEROSENE ,0,20,-76,-48,0,0,9,0,420,0,16,0,0,0,739,0,49,1971
 GÁS DE CIDADE E DE COQUERIA ,0,0,0,0,-43,0,0,88,106,17,3,0,0,0,0,0,183,1971
 COQUE DE CARVÃO MINERAL ,0,82,-84,0,0,0,0,8,0,0,0,0,0,0,0,0,1156,1971
 URÂNIO CONTIDO NO UO2,0,0,0,0,0,0,0,0,0,0,0,0,0,0,0,0,0,1971
 ELETRICIDADE,0,0,0,-2,0,0,0,211,794,488,359,33,0,53,0,0,1918,1971
 CARVÃO VEGETAL ,0,0,0,0,0,0,0,0,484,34,0,19,0,0,0,0,1273,1971
 ÁLCOOL ETÍLICO ANIDRO E HIDRATADO ,0,0,-19,-2,0,0,164,0,0,0,0,0,136,0,0,0,0,1971
 OUTRAS SECUNDÁRIAS DE PETRÓLEO ,0,0,15,0,0,0,0,469,0,0,0,0,0,0,0,0,60,1971
 PRODUTOS NÃO ENERGÉTICOS DE PETRÓLEO ,0,438,-104,-1,0,0,1174,0,0,0,0,0,0,0,0,0,0,1971
 ALCATRÃO ,0,0,0,0,0,0,48,0,0,0,0,0,0,0,0,0,17,1971
 PETRÓLEO ,8161,17845,-277,-65,0,0,0,0,0,0,0,0,0,0,0,0,0,1970
 GÁS NATURAL ,1255,0,0,0,-869,-216,3,65,0,0,0,0,0,0,0,0,3,1970
 CARVÃO VAPOR ,611,0,-28,0,0,0,0,0,0,0,0,0,0,16,0,0,72,1970
 CARVÃO METALÚRGICO ,504,1454,-151,0,0,0,0,0,0,0,0,0,0,0,0,0,0,1970
 URÂNIO U3O8 ,0,0,0,0,0,0,0,0,0,0,0,0,0,0,0,0,0,1970
 ENERGIA HIDRÁULICA ,3423,0,0,0,0,0,0,0,0,0,0,0,0,0,0,0,0,1970
 LENHA ,31852,0,0,0,0,0,0,0,19070,191,15,4901,0,33,0,10,4124,1970
 PRODUTOS DA CANA ,3601,0,0,0,0,0,0,89,0,0,0,0,0,0,0,0,3060,1970
 OUTRAS FONTES PRIMÁRIAS ,223,0,0,0,0,0,0,0,0,0,0,0,0,0,0,0,142,1970
 ÓLEO DIESEL ,0,0,-42,-47,0,0,0,56,0,64,42,393,3894,349,0,268,327,1970
 ÓLEO COMBUSTIVEL ,0,0,-69,-748,0,0,0,885,0,80,31,11,0,77,0,309,5205,1970
 GASOLINA ,0,78,-27,0,0,0,0,0,0,0,0,0,7369,0,77,0,0,1970
 GLP ,0,415,-98,0,0,0,0,0,1297,23,2,0,0,0,0,0,44,1970
 NAFTA ,0,0,15,0,0,0,6,0,0,0,0,0,0,0,0,0,0,1970
 QUEROSENE ,0,8,-55,-123,0,0,7,0,447,0,16,0,0,0,635,0,33,1970
 GÁS DE CIDADE E DE COQUERIA ,0,0,0,0,-56,0,0,86,104,16,3,0,0,0,0,0,173,1970
 COQUE DE CARVÃO MINERAL ,0,72,-25,0,0,0,0,10,0,0,0,0,0,0,0,0,1173,1970
 URÂNIO CONTIDO NO UO2,0,0,0,0,0,0,0,0,0,0,0,0,0,0,0,0,0,1970
 ELETRICIDADE,0,0,0,-2,0,0,0,179,719,444,307,27,0,56,0,0,1680,1970
 CARVÃO VEGETAL ,0,0,0,0,0,0,0,0,437,32,0,19,0,0,0,0,1101,1970
 ÁLCOOL ETÍLICO ANIDRO E HIDRATADO ,0,0,-7,0,0,0,212,0,0,0,0,0,98,0,0,0,0,1970
 OUTRAS SECUNDÁRIAS DE PETRÓLEO ,0,0,15,0,-50,0,0,181,0,0,0,0,0,0,0,0,45,1970
 PRODUTOS NÃO ENERGÉTICOS DE PETRÓLEO ,0,369,-54,0,0,0,1202,0,0,0,0,0,0,0,0,0,0,1970
 ALCATRÃO ,0,0,0,0,0,0,42,0,0,0,0,0,0,0,0,0,18,1970
